1001,40,40,40,21,21,0.934721,0.013812,,,,,
1002,40,40,40,21,21,0.935881,0.0129606,,,,0.934721,-0.013812
1003,40,40,40,21,21,0.936996,0.0121851,,,,0.935881,-0.0129606
1004,40,40,40,21,21,0.938,0.0114806,,,,0.936996,-0.0121851
1005,40,40,40,21,21,0.938839,0.0108354,,,,0.938,-0.0114806
1006,40,40,40,21,21,0.939492,0.010235,,,,0.938839,-0.0108354
1007,40,40,40,21,21,0.93999,0.00966749,,,,0.939492,-0.010235
1008,40,40,40,21,21,0.940395,0.00912793,,,,0.93999,-0.00966749
1009,40,40,40,21,21,0.940781,0.0086185,,,,0.940395,-0.00912793
1010,40,40,40,21,21,0.941197,0.00814578,,,,0.940781,-0.0086185
1011,40,40,40,21,21,0.94165,0.00771608,,,,0.941197,-0.00814578
1012,40,40,40,21,21,0.942104,0.00733128,,,,0.94165,-0.00771608
1013,40,40,40,21,21,0.942499,0.00698718,,,,0.942104,-0.00733128
1014,40,40,40,21,21,0.942778,0.00667508,,,,0.942499,-0.00698718
1015,40,40,40,21,21,0.942912,0.00638557,,,,0.942778,-0.00667508
1016,40,40,40,21,21,0.942917,0.0061125,,,,0.942912,-0.00638557
1017,40,40,40,21,21,0.942842,0.00585535,,,,0.942917,-0.0061125
1018,40,40,40,21,21,0.942748,0.00561863,,,,0.942842,-0.00585535
1019,40,40,40,21,21,0.942687,0.00540909,,,,0.942748,-0.00561863
1020,40,40,40,21,21,0.942674,0.00523188,,,,0.942687,-0.00540909
1021,40,40,40,21,21,0.942686,0.00508779,,,,0.942674,-0.00523188
1022,40,40,40,21,21,0.942671,0.00497284,,,,0.942686,-0.00508779
1023,40,40,40,21,21,0.942571,0.00488023,,,,0.942671,-0.00497284
1024,40,40,40,21,21,0.942345,0.00480386,,,,0.942571,-0.00488023
1025,40,40,40,21,21,0.94199,0.00474132,,,,0.942345,-0.00480386
1026,40,40,40,21,21,0.941534,0.00469523,,,,0.94199,-0.00474132
1027,40,40,40,21,21,0.94103,0.00467198,,,,0.941534,-0.00469523
1028,40,40,40,21,21,0.940529,0.00467883,,,,0.94103,-0.00467198
1029,40,40,40,21,21,0.940061,0.00472062,,,,0.940529,-0.00467883
1030,40,40,40,21,21,0.939621,0.00479783,,,,0.940061,-0.00472062
1031,40,40,40,21,21,0.939169,0.00490693,,,,0.939621,-0.00479783
1032,40,40,40,21,21,0.938651,0.00504285,,,,0.939169,-0.00490693
1033,40,40,40,21,21,0.938013,0.00520239,,,,0.938651,-0.00504285
1034,40,40,40,21,21,0.937224,0.00538689,,,,0.938013,-0.00520239
1035,40,40,40,21,21,0.936287,0.00560287,,,,0.937224,-0.00538689
1036,40,40,40,21,21,0.935231,0.00586026,,,,0.936287,-0.00560287
1037,40,40,40,21,21,0.934102,0.00616907,,,,0.935231,-0.00586026
1038,40,40,40,21,21,0.93294,0.00653616,,,,0.934102,-0.00616907
1039,40,40,40,21,21,0.93176,0.00696377,,,,0.93294,-0.00653616
1040,40,40,40,21,21,0.930543,0.00745052,,,,0.93176,-0.00696377
1041,40,40,40,21,21,0.929242,0.00799476,,,,0.930543,-0.00745052
1042,40,40,40,21,21,0.927789,0.00859869,,,,0.929242,-0.00799476
1043,40,40,40,21,21,0.926123,0.00927135,,,,0.927789,-0.00859869
1044,40,40,40,21,21,0.924199,0.010029,,,,0.926123,-0.00927135
1045,40,40,40,21,21,0.922002,0.0108927,,,,0.924199,-0.010029
1046,40,40,40,21,21,0.919543,0.0118842,,,,0.922002,-0.0108927
1047,40,40,40,21,21,0.916847,0.0130216,,,,0.919543,-0.0118842
1048,40,40,40,21,21,0.913934,0.0143183,,,,0.916847,-0.0130216
1049,40,40,40,21,21,0.910795,0.0157851,,,,0.913934,-0.0143183
1050,40,40,40,21,21,0.907383,0.0174349,,,,0.910795,-0.0157851
1051,40,40,40,21,21,0.90361,0.0192903,,,,0.907383,-0.0174349
1052,40,40,40,21,21,0.899355,0.0213878,,,,0.90361,-0.0192903
1053,40,40,40,21,21,0.894485,0.02378,,,,0.899355,-0.0213878
1054,40,40,40,21,21,0.888874,0.0265313,,,,0.894485,-0.02378
1055,40,40,40,21,21,0.88242,0.0297122,,,,0.888874,-0.0265313
1056,40,40,40,21,21,0.875047,0.0333919,,,,0.88242,-0.0297122
1057,40,40,40,21,21,0.866696,0.037635,,,,0.875047,-0.0333919
1058,40,40,40,21,21,0.8573,0.0425044,,,,0.866696,-0.037635
1059,40,40,40,21,21,0.846757,0.0480694,,,,0.8573,-0.0425044
1060,40,40,40,21,21,0.834911,0.0544171,,,,0.846757,-0.0480694
1061,40,40,40,21,21,0.821544,0.0616589,,,,0.834911,-0.0544171
1062,40,40,40,21,21,0.806402,0.0699276,,,,0.821544,-0.0616589
1063,40,40,40,21,21,0.789245,0.0793578,,,,0.806402,-0.0699276
1064,40,40,40,21,21,0.769927,0.0900495,,,,0.789245,-0.0793578
1065,40,40,40,21,21,0.74848,0.10202,,,,0.769927,-0.0900495
1066,40,40,40,21,21,0.725202,0.115153,,,,0.74848,-0.10202
1067,40,40,40,21,21,0.700701,0.12916,,,,0.725202,-0.115153
1068,40,40,40,21,21,0.675906,0.143566,,,,0.700701,-0.12916
1069,40,40,40,21,21,0.652004,0.157728,,,,0.675906,-0.143566
1070,40,40,40,21,21,0.630335,0.170895,,,,0.652004,-0.157728
1071,40,40,40,21,21,0.612228,0.18229,,,,0.630335,-0.170895
1072,40,40,40,21,21,0.598835,0.191214,,,,0.612228,-0.18229
1073,40,40,40,21,21,0.590965,0.197141,,,,0.598835,-0.191214
1074,40,40,40,21,21,0.588977,0.199794,,,,0.590965,-0.197141
1075,40,40,40,21,21,0.592728,0.19918,,,,0.588977,-0.199794
1076,40,40,40,21,21,0.601607,0.19558,,,,0.592728,-0.19918
1077,40,40,40,21,21,0.614634,0.189496,,,,0.601607,-0.19558
1078,40,40,40,21,21,0.630616,0.181566,,,,0.614634,-0.189496
1079,40,40,40,21,21,0.648316,0.172473,,,,0.630616,-0.181566
1080,40,40,40,21,21,0.666612,0.162848,,,,0.648316,-0.172473
1081,40,40,40,21,21,0.684614,0.153206,,,,0.666612,-0.162848
1082,40,40,40,21,21,0.701722,0.143909,,,,0.684614,-0.153206
1083,40,40,40,21,21,0.717624,0.135164,,,,0.701722,-0.143909
1084,40,40,40,21,21,0.732241,0.127052,,,,0.717624,-0.135164
1085,40,40,40,21,21,0.745644,0.119563,,,,0.732241,-0.127052
1086,40,40,40,21,21,0.757968,0.112649,,,,0.745644,-0.119563
1087,40,40,40,21,21,0.769336,0.106256,,,,0.757968,-0.112649
1088,40,40,40,21,21,0.779822,0.100348,,,,0.769336,-0.106256
1089,40,40,40,21,21,0.789444,0.0949118,,,,0.779822,-0.100348
1090,40,40,40,21,21,0.79818,0.0899505,,,,0.789444,-0.0949118
1091,40,40,40,21,21,0.806008,0.0854676,,,,0.79818,-0.0899505
1092,40,40,40,21,21,0.812935,0.0814534,,,,0.806008,-0.0854676
1093,40,40,40,21,21,0.819023,0.0778767,,,,0.812935,-0.0814534
1094,40,40,40,21,21,0.824384,0.0746853,,,,0.819023,-0.0778767
1095,40,40,40,21,21,0.829164,0.0718145,,,,0.824384,-0.0746853
1096,40,40,40,21,21,0.83351,0.0691992,,,,0.829164,-0.0718145
1097,40,40,40,21,21,0.837543,0.0667871,,,,0.83351,-0.0691992
1098,40,40,40,21,21,0.841333,0.0645458,,,,0.837543,-0.0667871
1099,40,40,40,21,21,0.844893,0.0624652,,,,0.841333,-0.0645458
1100,40,40,40,21,21,0.84819,0.0605515,,,,0.844893,-0.0624652
1101,40,40,40,21,21,0.85117,0.0588179,,,,0.84819,-0.0605515
1102,40,40,40,21,21,0.853787,0.0572742,,,,0.85117,-0.0588179
1103,40,40,40,21,21,0.856024,0.0559184,,,,0.853787,-0.0572742
1104,40,40,40,21,21,0.857905,0.0547339,,,,0.856024,-0.0559184
1105,40,40,40,21,21,0.859497,0.0536919,,,,0.857905,-0.0547339
1106,40,40,40,21,21,0.860888,0.0527585,,,,0.859497,-0.0536919
1107,40,40,40,21,21,0.862163,0.0519029,,,,0.860888,-0.0527585
1108,40,40,40,21,21,0.863388,0.051105,,,,0.862163,-0.0519029
1109,40,40,40,21,21,0.864587,0.050359,,,,0.863388,-0.051105
1110,40,40,40,21,21,0.865743,0.0496727,,,,0.864587,-0.050359
1111,40,40,40,21,21,0.866806,0.0490625,,,,0.865743,-0.0496727
1112,40,40,40,21,21,0.867714,0.0485459,,,,0.866806,-0.0490625
1113,40,40,40,21,21,0.868416,0.0481342,,,,0.867714,-0.0485459
1114,40,40,40,21,21,0.868886,0.0478281,,,,0.868416,-0.0481342
1115,40,40,40,21,21,0.869137,0.0476165,,,,0.868886,-0.0478281
1116,40,40,40,21,21,0.869214,0.0474793,,,,0.869137,-0.0476165
1117,40,40,40,21,21,0.869183,0.047394,,,,0.869214,-0.0474793
1118,40,40,40,21,21,0.869108,0.0473416,,,,0.869183,-0.047394
1119,40,40,40,21,21,0.869038,0.0473125,,,,0.869108,-0.0473416
1120,40,40,40,21,21,0.868986,0.0473088,,,,0.869038,-0.0473125
1121,40,40,40,21,21,0.868934,0.0473429,,,,0.868986,-0.0473088
1122,40,40,40,21,21,0.868831,0.0474331,,,,0.868934,-0.0473429
1123,40,40,40,21,21,0.86862,0.0475976,,,,0.868831,-0.0474331
1124,40,40,40,21,21,0.868246,0.0478486,,,,0.86862,-0.0475976
1125,40,40,40,21,21,0.867677,0.0481884,,,,0.868246,-0.0478486
1126,40,40,40,21,21,0.866914,0.0486091,,,,0.867677,-0.0481884
1127,40,40,40,21,21,0.865987,0.049095,,,,0.866914,-0.0486091
1128,40,40,40,21,21,0.864947,0.0496282,,,,0.865987,-0.049095
1129,40,40,40,21,21,0.863849,0.0501942,,,,0.864947,-0.0496282
1130,40,40,40,21,21,0.862735,0.0507867,,,,0.863849,-0.0501942
1131,40,40,40,21,21,0.86162,0.0514103,,,,0.862735,-0.0507867
1132,40,40,40,21,21,0.86049,0.0520791,,,,0.86162,-0.0514103
1133,40,40,40,21,21,0.859301,0.0528134,,,,0.86049,-0.0520791
1134,40,40,40,21,21,0.857997,0.0536339,,,,0.859301,-0.0528134
1135,40,40,40,21,21,0.856518,0.0545566,,,,0.857997,-0.0536339
1136,40,40,40,21,21,0.854821,0.0555886,,,,0.856518,-0.0545566
1137,40,40,40,21,21,0.85289,0.0567269,,,,0.854821,-0.0555886
1138,40,40,40,21,21,0.850735,0.0579605,,,,0.85289,-0.0567269
1139,40,40,40,21,21,0.84839,0.0592749,,,,0.850735,-0.0579605
1140,40,40,40,21,21,0.845896,0.0606576,,,,0.84839,-0.0592749
1141,40,40,40,21,21,0.843293,0.0621034,,,,0.845896,-0.0606576
1142,40,40,40,21,21,0.840597,0.0636177,,,,0.843293,-0.0621034
1143,40,40,40,21,21,0.837799,0.0652167,,,,0.840597,-0.0636177
1144,40,40,40,21,21,0.83486,0.0669247,,,,0.837799,-0.0652167
1145,40,40,40,21,21,0.831721,0.0687695,,,,0.83486,-0.0669247
1146,40,40,40,21,21,0.828313,0.0707765,,,,0.831721,-0.0687695
1147,40,40,40,21,21,0.824574,0.0729638,,,,0.828313,-0.0707765
1148,40,40,40,21,21,0.820456,0.0753395,,,,0.824574,-0.0729638
1149,40,40,40,21,21,0.81594,0.0779022,,,,0.820456,-0.0753395
1150,40,40,40,21,21,0.811026,0.0806442,,,,0.81594,-0.0779022
1151,40,40,40,21,21,0.805733,0.083557,,,,0.811026,-0.0806442
1152,40,40,40,21,21,0.80008,0.086637,,,,0.805733,-0.083557
1153,40,40,40,21,21,0.794075,0.0898908,,,,0.80008,-0.086637
1154,40,40,40,21,21,0.787704,0.0933374,,,,0.794075,-0.0898908
1155,40,40,40,21,21,0.780924,0.0970077,,,,0.787704,-0.0933374
1156,40,40,40,21,21,0.773665,0.100941,,,,0.780924,-0.0970077
1157,40,40,40,21,21,0.765838,0.105177,,,,0.773665,-0.100941
1158,40,40,40,21,21,0.757349,0.109754,,,,0.765838,-0.105177
1159,40,40,40,21,21,0.748112,0.114698,,,,0.757349,-0.109754
1160,40,40,40,21,21,0.738058,0.120021,,,,0.748112,-0.114698
1161,40,40,40,21,21,0.727146,0.125725,,,,0.738058,-0.120021
1162,40,40,40,21,21,0.715358,0.131798,,,,0.727146,-0.125725
1163,40,40,40,21,21,0.702697,0.138226,,,,0.715358,-0.131798
1164,40,40,40,21,21,0.689172,0.144993,,,,0.702697,-0.138226
1165,40,40,40,21,21,0.674791,0.152087,,,,0.689172,-0.144993
1166,40,40,40,21,21,0.65956,0.159501,,,,0.674791,-0.152087
1167,40,40,40,21,21,0.643476,0.167229,,,,0.65956,-0.159501
1168,40,40,40,21,21,0.626542,0.175257,,,,0.643476,-0.167229
1169,40,40,40,21,21,0.608784,0.183556,,,,0.626542,-0.175257
1170,40,40,40,21,21,0.590274,0.192064,,,,0.608784,-0.183556
1171,40,40,40,21,21,0.57115,0.200683,,,,0.590274,-0.192064
1172,40,40,40,21,21,0.551639,0.209266,,,,0.57115,-0.200683
1173,40,40,40,21,21,0.532063,0.217617,,,,0.551639,-0.209266
1174,40,40,40,21,21,0.512841,0.225499,,,,0.532063,-0.217617
1175,40,40,40,21,21,0.494473,0.232645,,,,0.512841,-0.225499
1176,40,40,40,21,21,0.477512,0.238775,,,,0.494473,-0.232645
1177,40,40,40,21,21,0.462526,0.243619,,,,0.477512,-0.238775
1178,40,40,40,21,21,0.450057,0.246939,,,,0.462526,-0.243619
1179,40,40,40,21,21,0.440582,0.248548,,,,0.450057,-0.246939
1180,40,40,40,21,21,0.43447,0.248326,,,,0.440582,-0.248548
1181,40,40,40,21,21,0.431959,0.246232,,,,0.43447,-0.248326
1182,40,40,40,21,21,0.433138,0.242302,,,,0.431959,-0.246232
1183,40,40,40,21,21,0.437948,0.236648,,,,0.433138,-0.242302
1184,40,40,40,21,21,0.446186,0.229445,,,,0.437948,-0.236648
1185,40,40,40,21,21,0.457527,0.220917,,,,0.446186,-0.229445
1186,40,40,40,21,21,0.471551,0.211318,,,,0.457527,-0.220917
1187,40,40,40,21,21,0.487775,0.20092,,,,0.471551,-0.211318
1188,40,40,40,21,21,0.505685,0.189989,,,,0.487775,-0.20092
1189,40,40,40,21,21,0.524765,0.17878,,,,0.505685,-0.189989
1190,40,40,40,21,21,0.544525,0.167519,,,,0.524765,-0.17878
1191,40,40,40,21,21,0.564523,0.156403,,,,0.544525,-0.167519
1192,40,40,40,21,21,0.584381,0.145592,,,,0.564523,-0.156403
1193,40,40,40,21,21,0.603792,0.135211,,,,0.584381,-0.145592
1194,40,40,40,21,21,0.622528,0.12535,,,,0.603792,-0.135211
1195,40,40,40,21,21,0.64043,0.116065,,,,0.622528,-0.12535
1196,40,40,40,21,21,0.657406,0.107387,,,,0.64043,-0.116065
1197,40,40,40,21,21,0.67342,0.0993224,,,,0.657406,-0.107387
1198,40,40,40,21,21,0.688474,0.0918577,,,,0.67342,-0.0993224
1199,40,40,40,21,21,0.702598,0.0849667,,,,0.688474,-0.0918577
1200,40,40,40,21,21,0.715838,0.078614,,,,0.702598,-0.0849667
1201,40,40,40,21,21,0.72824,0.0727595,,,,0.715838,-0.078614
1202,40,40,40,21,21,0.739851,0.0673623,,,,0.72824,-0.0727595
1203,40,40,40,21,21,0.750704,0.0623835,,,,0.739851,-0.0673623
1204,40,40,40,21,21,0.760829,0.057788,,,,0.750704,-0.0623835
1205,40,40,40,21,21,0.77025,0.0535458,,,,0.760829,-0.057788
1206,40,40,40,21,21,0.778988,0.0496317,,,,0.77025,-0.0535458
1207,40,40,40,21,21,0.787072,0.0460244,,,,0.778988,-0.0496317
1208,40,40,40,21,21,0.794536,0.042705,,,,0.787072,-0.0460244
1209,40,40,40,21,21,0.801425,0.0396559,,,,0.794536,-0.042705
1210,40,40,40,21,21,0.807792,0.0368589,,,,0.801425,-0.0396559
1211,40,40,40,21,21,0.813698,0.0342949,,,,0.807792,-0.0368589
1212,40,40,40,21,21,0.819204,0.0319432,,,,0.813698,-0.0342949
1213,40,40,40,21,21,0.824364,0.0297822,,,,0.819204,-0.0319432
1214,40,40,40,21,21,0.829226,0.0277903,,,,0.824364,-0.0297822
1215,40,40,40,21,21,0.833821,0.025947,,,,0.829226,-0.0277903
1216,40,40,40,21,21,0.838169,0.024234,,,,0.833821,-0.025947
1217,40,40,40,21,21,0.842273,0.0226364,,,,0.838169,-0.024234
1218,40,40,40,21,21,0.846132,0.0211429,,,,0.842273,-0.0226364
1219,40,40,40,21,21,0.849738,0.019746,,,,0.846132,-0.0211429
1220,40,40,40,21,21,0.853088,0.0184408,,,,0.849738,-0.019746
1221,40,40,40,21,21,0.856184,0.0172245,,,,0.853088,-0.0184408
1222,40,40,40,21,21,0.859042,0.0160951,,,,0.856184,-0.0172245
1223,40,40,40,21,21,0.861683,0.0150498,,,,0.859042,-0.0160951
1224,40,40,40,21,21,0.864143,0.0140848,,,,0.861683,-0.0150498
1225,40,40,40,21,21,0.866457,0.0131943,,,,0.864143,-0.0140848
1226,40,40,40,21,21,0.868661,0.0123713,,,,0.866457,-0.0131943
1227,40,40,40,21,21,0.870784,0.0116073,,,,0.868661,-0.0123713
1228,40,40,40,21,21,0.872844,0.0108938,,,,0.870784,-0.0116073
1229,40,40,40,21,21,0.874846,0.010223,,,,0.872844,-0.0108938
1230,40,40,40,21,21,0.876785,0.00958845,,,,0.874846,-0.010223
1231,40,40,40,21,21,0.878643,0.00898571,,,,0.876785,-0.00958845
1232,40,40,40,21,21,0.880403,0.00841252,,,,0.878643,-0.00898571
1233,40,40,40,21,21,0.882046,0.00786849,,,,0.880403,-0.00841252
1234,40,40,40,21,21,0.88356,0.00735451,,,,0.882046,-0.00786849
1235,40,40,40,21,21,0.884944,0.00687199,,,,0.88356,-0.00735451
1236,40,40,40,21,21,0.886209,0.00642208,,,,0.884944,-0.00687199
1237,40,40,40,21,21,0.887376,0.00600497,,,,0.886209,-0.00642208
1238,40,40,40,21,21,0.888472,0.00561954,,,,0.887376,-0.00600497
1239,40,40,40,21,21,0.889527,0.00526327,,,,0.888472,-0.00561954
1240,40,40,40,21,21,0.890567,0.00493251,,,,0.889527,-0.00526327
1241,40,40,40,21,21,0.891609,0.00462301,,,,0.890567,-0.00493251
1242,40,40,40,21,21,0.892661,0.00433051,,,,0.891609,-0.00462301
1243,40,40,40,21,21,0.893716,0.00405138,,,,0.892661,-0.00433051
1244,40,40,40,21,21,0.89476,0.00378309,,,,0.893716,-0.00405138
1245,40,40,40,21,21,0.895769,0.00352444,,,,0.89476,-0.00378309
1246,40,40,40,21,21,0.89672,0.00327552,,,,0.895769,-0.00352444
1247,40,40,40,21,21,0.897593,0.00303742,,,,0.89672,-0.00327552
1248,40,40,40,21,21,0.898377,0.0028118,,,,0.897593,-0.00303742
1249,40,40,40,21,21,0.899073,0.00260028,,,,0.898377,-0.0028118
1250,40,40,40,21,21,0.899692,0.00240405,,,,0.899073,-0.00260028
1251,40,40,40,21,21,0.900254,0.00222342,,,,0.899692,-0.00240405
1252,40,40,40,21,21,0.900787,0.00205776,,,,0.900254,-0.00222342
1253,40,40,40,21,21,0.901318,0.0019055,,,,0.900787,-0.00205776
1254,40,40,40,21,21,0.901868,0.00176443,,,,0.901318,-0.0019055
1255,40,40,40,21,21,0.902451,0.0016321,,,,0.901868,-0.00176443
1256,40,40,40,21,21,0.903068,0.00150621,,,,0.902451,-0.0016321
1257,40,40,40,21,21,0.90371,0.001385,,,,0.903068,-0.00150621
1258,40,40,40,21,21,0.904357,0.00126749,,,,0.90371,-0.001385
1259,40,40,40,21,21,0.904985,0.00115353,,,,0.904357,-0.00126749
1260,40,40,40,21,21,0.905569,0.00104373,,,,0.904985,-0.00115353
1261,40,40,40,21,21,0.906089,0.000939195,,,,0.905569,-0.00104373
1262,40,40,40,21,21,0.906535,0.000841179,,,,0.906089,-0.000939195
1263,40,40,40,21,21,0.906906,0.000750789,,,,0.906535,-0.000841179
1264,40,40,40,21,21,0.907216,0.00066869,,,,0.906906,-0.000750789
1265,40,40,40,21,21,0.907484,0.000594954,,,,0.907216,-0.00066869
1266,40,40,40,21,21,0.907737,0.000529039,,,,0.907484,-0.000594954
1267,40,40,40,21,21,0.908002,0.000469909,,,,0.907737,-0.000529039
1268,40,40,40,21,21,0.908298,0.000416248,,,,0.908002,-0.000469909
1269,40,40,40,21,21,0.908639,0.000366725,,,,0.908298,-0.000416248
1270,40,40,40,21,21,0.909026,0.000320243,,,,0.908639,-0.000366725
1271,40,40,40,21,21,0.909448,0.000276122,,,,0.909026,-0.000320243
1272,40,40,40,21,21,0.909886,0.000234185,,,,0.909448,-0.000276122
1273,40,40,40,21,21,0.910314,0.000194723,,,,0.909886,-0.000234185
1274,40,40,40,21,21,0.910706,0.000158367,,,,0.910314,-0.000194723
1275,40,40,40,21,21,0.911042,0.000125889,,,,0.910706,-0.000158367
1276,40,40,40,21,21,0.911307,9.79916E-05,,,,0.911042,-0.000125889
1277,40,40,40,21,21,0.911502,7.51273E-05,,,,0.911307,-9.80E-05
1278,40,40,40,21,21,0.911636,5.73867E-05,,,,0.911502,-7.51E-05
1279,40,40,40,21,21,0.911727,4.44832E-05,,,,0.911636,-5.74E-05
1280,40,40,40,21,21,0.911803,3.58288E-05,,,,0.911727,-4.45E-05
1281,40,40,40,21,21,0.911889,0.000030683,,,,0.911803,-3.58E-05
1282,40,40,40,21,21,0.912008,2.83353E-05,,,,0.911889,-3.07E-05
1283,40,40,40,21,21,0.912176,2.82787E-05,,,,0.912008,-2.83E-05
1284,40,40,40,21,21,0.912396,3.03332E-05,,,,0.912176,-2.83E-05
1285,40,40,40,21,21,0.912661,3.46877E-05,,,,0.912396,-3.03E-05
1286,40,40,40,21,21,0.912953,4.18535E-05,,,,0.912661,-3.47E-05
1287,40,40,40,21,21,0.913246,5.25362E-05,,,,0.912953,-4.19E-05
1288,40,40,40,21,21,0.913513,6.74579E-05,,,,0.913246,-5.25E-05
1289,40,40,40,21,21,0.91373,8.71693E-05,,,,0.913513,-6.75E-05
1290,40,40,40,21,21,0.91388,0.000111897,,,,0.91373,-8.72E-05
1291,40,40,40,21,21,0.913956,0.000141462,,,,0.91388,-0.000111897
1292,40,40,40,21,21,0.913962,0.000175294,,,,0.913956,-0.000141462
1293,40,40,40,21,21,0.913916,0.000212543,,,,0.913962,-0.000175294
1294,40,40,40,21,21,0.913841,0.00025226,,,,0.913916,-0.000212543
1295,40,40,40,21,21,0.913765,0.000293632,,,,0.913841,-0.00025226
1296,40,40,40,21,21,0.913714,0.000336189,,,,0.913765,-0.000293632
1297,40,40,40,21,21,0.913708,0.000379963,,,,0.913714,-0.000336189
1298,40,40,40,21,21,0.913757,0.000425555,,,,0.913708,-0.000379963
1299,40,40,40,21,21,0.913859,0.000474071,,,,0.913757,-0.000425555
1300,40,40,40,21,21,0.914002,0.000526961,,,,0.913859,-0.000474071
1301,40,40,40,21,21,0.914163,0.000585758,,,,0.914002,-0.000526961
1302,40,40,40,21,21,0.914312,0.000651792,,,,0.914163,-0.000585758
1303,40,40,40,21,21,0.914423,0.000725913,,,,0.914312,-0.000651792
1304,40,40,40,21,21,0.91447,0.0008083,,,,0.914423,-0.000725913
1305,40,40,40,21,21,0.914439,0.000898391,,,,0.91447,-0.0008083
1306,40,40,40,21,21,0.914326,0.000994954,,,,0.914439,-0.000898391
1307,40,40,40,21,21,0.914139,0.00109631,,,,0.914326,-0.000994954
1308,40,40,40,21,21,0.9139,0.00120068,,,,0.914139,-0.00109631
1309,40,40,40,21,21,0.913633,0.00130652,,,,0.9139,-0.00120068
1310,40,40,40,21,21,0.913369,0.00141296,,,,0.913633,-0.00130652
1311,40,40,40,21,21,0.913133,0.00152001,,,,0.913369,-0.00141296
1312,40,40,40,21,21,0.912946,0.00162876,,,,0.913133,-0.00152001
1313,40,40,40,21,21,0.912816,0.00174126,,,,0.912946,-0.00162876
1314,40,40,40,21,21,0.912737,0.00186033,,,,0.912816,-0.00174126
1315,40,40,40,21,21,0.912692,0.00198912,,,,0.912737,-0.00186033
1316,40,40,40,21,21,0.912656,0.00213068,,,,0.912692,-0.00198912
1317,40,40,40,21,21,0.912596,0.00228737,,,,0.912656,-0.00213068
1318,40,40,40,21,21,0.912481,0.00246055,,,,0.912596,-0.00228737
1319,40,40,40,21,21,0.912283,0.00265027,,,,0.912481,-0.00246055
1320,40,40,40,21,21,0.911987,0.00285526,,,,0.912283,-0.00265027
1321,40,40,40,21,21,0.911587,0.00307315,,,,0.911987,-0.00285526
1322,40,40,40,21,21,0.911093,0.00330097,,,,0.911587,-0.00307315
1323,40,40,40,21,21,0.910525,0.00353568,,,,0.911093,-0.00330097
1324,40,40,40,21,21,0.909912,0.00377491,,,,0.910525,-0.00353568
1325,40,40,40,21,21,0.909286,0.00401756,,,,0.909912,-0.00377491
1326,40,40,40,21,21,0.908675,0.00426426,,,,0.909286,-0.00401756
1327,40,40,40,21,21,0.9081,0.00451761,,,,0.908675,-0.00426426
1328,40,40,40,21,21,0.907569,0.00478205,,,,0.9081,-0.00451761
1329,40,40,40,21,21,0.907076,0.00506346,,,,0.907569,-0.00478205
1330,40,40,40,21,21,0.9066,0.00536847,,,,0.907076,-0.00506346
1331,40,40,40,21,21,0.90611,0.00570364,,,,0.9066,-0.00536847
1332,40,40,40,21,21,0.905567,0.00607454,,,,0.90611,-0.00570364
1333,40,40,40,21,21,0.904929,0.00648504,,,,0.905567,-0.00607454
1334,40,40,40,21,21,0.904161,0.00693677,,,,0.904929,-0.00648504
1335,40,40,40,21,21,0.903237,0.00742902,,,,0.904161,-0.00693677
1336,40,40,40,21,21,0.902143,0.007959,,,,0.903237,-0.00742902
1337,40,40,40,21,21,0.900884,0.00852261,,,,0.902143,-0.007959
1338,40,40,40,21,21,0.899476,0.0091154,,,,0.900884,-0.00852261
1339,40,40,40,21,21,0.897945,0.0097339,,,,0.899476,-0.0091154
1340,40,40,40,21,21,0.896324,0.0103768,,,,0.897945,-0.0097339
1341,40,40,40,21,21,0.894643,0.011046,,,,0.896324,-0.0103768
1342,40,40,40,21,21,0.892922,0.0117475,,,,0.894643,-0.011046
1343,40,40,40,21,21,0.891169,0.0124913,,,,0.892922,-0.0117475
1344,40,40,40,21,21,0.889371,0.013291,,,,0.891169,-0.0124913
1345,40,40,40,21,21,0.887499,0.0141633,,,,0.889371,-0.013291
1346,40,40,40,21,21,0.885502,0.015126,,,,0.887499,-0.0141633
1347,40,40,40,21,21,0.88332,0.0161967,,,,0.885502,-0.015126
1348,40,40,40,21,21,0.880884,0.017391,,,,0.88332,-0.0161967
1349,40,40,40,21,21,0.878127,0.0187215,,,,0.880884,-0.017391
1350,40,40,40,21,21,0.87499,0.0201962,,,,0.878127,-0.0187215
1351,40,40,40,21,21,0.871428,0.0218193,,,,0.87499,-0.0201962
1352,40,40,40,21,21,0.867413,0.0235913,,,,0.871428,-0.0218193
1353,40,40,40,21,21,0.862937,0.025511,,,,0.867413,-0.0235913
1354,40,40,40,21,21,0.858003,0.0275779,,,,0.862937,-0.025511
1355,40,40,40,21,21,0.852624,0.0297945,,,,0.858003,-0.0275779
1356,40,40,40,21,21,0.846812,0.0321699,,,,0.852624,-0.0297945
1357,40,40,40,21,21,0.840564,0.0347214,,,,0.846812,-0.0321699
1358,40,40,40,21,21,0.833862,0.0374769,,,,0.840564,-0.0347214
1359,40,40,40,21,21,0.826656,0.0404749,,,,0.833862,-0.0374769
1360,40,40,40,21,21,0.818868,0.0437634,,,,0.826656,-0.0404749
1361,40,40,40,21,21,0.810389,0.0473976,,,,0.818868,-0.0437634
1362,40,40,40,21,21,0.801088,0.051435,,,,0.810389,-0.0473976
1363,40,40,40,21,21,0.790828,0.0559298,,,,0.801088,-0.051435
1364,40,40,40,21,21,0.779475,0.0609262,,,,0.790828,-0.0559298
1365,40,40,40,21,21,0.766927,0.0664512,,,,0.779475,-0.0609262
1366,40,40,40,21,21,0.753131,0.072508,,,,0.766927,-0.0664512
1367,40,40,40,21,21,0.738102,0.0790699,,,,0.753131,-0.072508
1368,40,40,40,21,21,0.721941,0.0860763,,,,0.738102,-0.0790699
1369,40,40,40,21,21,0.704845,0.0934308,,,,0.721941,-0.0860763
1370,40,40,40,21,21,0.687108,0.101002,,,,0.704845,-0.0934308
1371,40,40,40,21,21,0.669116,0.108628,,,,0.687108,-0.101002
1372,40,40,40,21,21,0.651331,0.116122,,,,0.669116,-0.108628
1373,40,40,40,21,21,0.63427,0.12328,,,,0.651331,-0.116122
1374,40,40,40,21,21,0.618473,0.129893,,,,0.63427,-0.12328
1375,40,40,40,21,21,0.604473,0.13576,,,,0.618473,-0.129893
1376,40,40,40,21,21,0.592759,0.140695,,,,0.604473,-0.13576
1377,40,40,40,21,21,0.583745,0.144544,,,,0.592759,-0.140695
1378,40,40,40,21,21,0.577742,0.147189,,,,0.583745,-0.144544
1379,40,40,40,21,21,0.574937,0.148558,,,,0.577742,-0.147189
1380,40,40,40,21,21,0.575382,0.14863,,,,0.574937,-0.148558
1381,40,40,40,21,21,0.578993,0.14743,,,,0.575382,-0.14863
1382,40,40,40,21,21,0.585554,0.145034,,,,0.578993,-0.14743
1383,40,40,40,21,21,0.594739,0.141559,,,,0.585554,-0.145034
1384,40,40,40,21,21,0.606134,0.137156,,,,0.594739,-0.141559
1385,40,40,40,21,21,0.619266,0.132,,,,0.606134,-0.137156
1386,40,40,40,21,21,0.633637,0.126281,,,,0.619266,-0.132
1387,40,40,40,21,21,0.648754,0.120188,,,,0.633637,-0.126281
1388,40,40,40,21,21,0.664157,0.113906,,,,0.648754,-0.120188
1389,40,40,40,21,21,0.679444,0.1076,,,,0.664157,-0.113906
1390,40,40,40,21,21,0.694287,0.101414,,,,0.679444,-0.1076
1391,40,40,40,21,21,0.708442,0.0954611,,,,0.694287,-0.101414
1392,40,40,40,21,21,0.721749,0.0898252,,,,0.708442,-0.0954611
1393,40,40,40,21,21,0.734129,0.0845593,,,,0.721749,-0.0898252
1394,40,40,40,21,21,0.745569,0.0796884,,,,0.734129,-0.0845593
1395,40,40,40,21,21,0.756112,0.0752135,,,,0.745569,-0.0796884
1396,40,40,40,21,21,0.765838,0.0711165,,,,0.756112,-0.0752135
1397,40,40,40,21,21,0.774844,0.0673665,,,,0.765838,-0.0711165
1398,40,40,40,21,21,0.783232,0.0639248,,,,0.774844,-0.0673665
1399,40,40,40,21,21,0.791093,0.0607507,,,,0.783232,-0.0639248
1400,40,40,40,21,21,0.798503,0.0578056,,,,0.791093,-0.0607507
1401,40,40,40,21,21,0.805511,0.0550561,,,,0.798503,-0.0578056
1402,40,40,40,21,21,0.812144,0.052476,,,,0.805511,-0.0550561
1403,40,40,40,21,21,0.818409,0.050047,,,,0.812144,-0.052476
1404,40,40,40,21,21,0.824298,0.0477583,,,,0.818409,-0.050047
1405,40,40,40,21,21,0.829792,0.0456047,,,,0.824298,-0.0477583
1406,40,40,40,21,21,0.834877,0.0435859,,,,0.829792,-0.0456047
1407,40,40,40,21,21,0.83954,0.0417031,,,,0.834877,-0.0435859
1408,40,40,40,21,21,0.843784,0.0399581,,,,0.83954,-0.0417031
1409,40,40,40,21,21,0.847622,0.0383509,,,,0.843784,-0.0399581
1410,40,40,40,21,21,0.851087,0.0368789,,,,0.847622,-0.0383509
1411,40,40,40,21,21,0.854221,0.0355362,,,,0.851087,-0.0368789
1412,40,40,40,21,21,0.857078,0.0343134,,,,0.854221,-0.0355362
1413,40,40,40,21,21,0.859716,0.0331985,,,,0.857078,-0.0343134
1414,40,40,40,21,21,0.862192,0.0321776,,,,0.859716,-0.0331985
1415,40,40,40,21,21,0.864555,0.0312362,,,,0.862192,-0.0321776
1416,40,40,40,21,21,0.866845,0.0303604,,,,0.864555,-0.0312362
1417,40,40,40,21,21,0.869088,0.0295379,,,,0.866845,-0.0303604
1418,40,40,40,21,21,0.871293,0.0287589,,,,0.869088,-0.0295379
1419,40,40,40,21,21,0.873456,0.0280168,,,,0.871293,-0.0287589
1420,40,40,40,21,21,0.875561,0.027308,,,,0.873456,-0.0280168
1421,40,40,40,21,21,0.877583,0.0266318,,,,0.875561,-0.027308
1422,40,40,40,21,21,0.879494,0.0259899,,,,0.877583,-0.0266318
1423,40,40,40,21,21,0.881266,0.0253852,,,,0.879494,-0.0259899
1424,40,40,40,21,21,0.882879,0.0248214,,,,0.881266,-0.0253852
1425,40,40,40,21,21,0.884319,0.0243015,,,,0.882879,-0.0248214
1426,40,40,40,21,21,0.885584,0.0238278,,,,0.884319,-0.0243015
1427,40,40,40,21,21,0.886687,0.0234007,,,,0.885584,-0.0238278
1428,40,40,40,21,21,0.887647,0.0230188,,,,0.886687,-0.0234007
1429,40,40,40,21,21,0.888494,0.0226788,,,,0.887647,-0.0230188
1430,40,40,40,21,21,0.889264,0.022376,,,,0.888494,-0.0226788
1431,40,40,40,21,21,0.889991,0.0221048,,,,0.889264,-0.022376
1432,40,40,40,21,21,0.890709,0.0218591,,,,0.889991,-0.0221048
1433,40,40,40,21,21,0.891444,0.0216333,,,,0.890709,-0.0218591
1434,40,40,40,21,21,0.892212,0.0214227,,,,0.891444,-0.0216333
1435,40,40,40,21,21,0.893018,0.0212242,,,,0.892212,-0.0214227
1436,40,40,40,21,21,0.893858,0.0210363,,,,0.893018,-0.0212242
1437,40,40,40,21,21,0.894715,0.0208594,,,,0.893858,-0.0210363
1438,40,40,40,21,21,0.895564,0.0206955,,,,0.894715,-0.0208594
1439,40,40,40,21,21,0.896379,0.0205475,,,,0.895564,-0.0206955
1440,40,40,40,21,21,0.897129,0.0204194,,,,0.896379,-0.0205475
1441,40,40,40,21,21,0.897788,0.0203148,,,,0.897129,-0.0204194
1442,40,40,40,21,21,0.898336,0.020237,,,,0.897788,-0.0203148
1443,40,40,40,21,21,0.89876,0.0201882,,,,0.898336,-0.020237
1444,40,40,40,21,21,0.89906,0.0201692,,,,0.89876,-0.0201882
1445,40,40,40,21,21,0.899242,0.0201793,,,,0.89906,-0.0201692
1446,40,40,40,21,21,0.899326,0.0202162,,,,0.899242,-0.0201793
1447,40,40,40,21,21,0.899335,0.0202767,,,,0.899326,-0.0202162
1448,40,40,40,21,21,0.899299,0.0203567,,,,0.899335,-0.0202767
1449,40,40,40,21,21,0.899248,0.020452,,,,0.899299,-0.0203567
1450,40,40,40,21,21,0.899207,0.0205588,,,,0.899248,-0.020452
1451,40,40,40,21,21,0.899197,0.0206743,,,,0.899207,-0.0205588
1452,40,40,40,21,21,0.89923,0.020797,,,,0.899197,-0.0206743
1453,40,40,40,21,21,0.899309,0.0209274,,,,0.89923,-0.020797
1454,40,40,40,21,21,0.899425,0.0210672,,,,0.899309,-0.0209274
1455,40,40,40,21,21,0.899561,0.0212202,,,,0.899425,-0.0210672
1456,40,40,40,21,21,0.899691,0.0213909,,,,0.899561,-0.0212202
1457,40,40,40,21,21,0.899785,0.0215849,,,,0.899691,-0.0213909
1458,40,40,40,21,21,0.899813,0.0218075,,,,0.899785,-0.0215849
1459,40,40,40,21,21,0.899745,0.0220636,,,,0.899813,-0.0218075
1460,40,40,40,21,21,0.899557,0.022357,,,,0.899745,-0.0220636
1461,40,40,40,21,21,0.899233,0.02269,,,,0.899557,-0.022357
1462,40,40,40,21,21,0.898767,0.023063,,,,0.899233,-0.02269
1463,40,40,40,21,21,0.898162,0.0234746,,,,0.898767,-0.023063
1464,40,40,40,21,21,0.897432,0.0239219,,,,0.898162,-0.0234746
1465,40,40,40,21,21,0.896598,0.0244009,,,,0.897432,-0.0239219
1466,40,40,40,21,21,0.895687,0.0249073,,,,0.896598,-0.0244009
1467,40,40,40,21,21,0.894729,0.0254368,,,,0.895687,-0.0249073
1468,40,40,40,21,21,0.89375,0.0259862,,,,0.894729,-0.0254368
1469,40,40,40,21,21,0.892773,0.0265543,,,,0.89375,-0.0259862
1470,40,40,40,21,21,0.891812,0.0271417,,,,0.892773,-0.0265543
1471,40,40,40,21,21,0.890872,0.0277518,,,,0.891812,-0.0271417
1472,40,40,40,21,21,0.889945,0.0283908,,,,0.890872,-0.0277518
1473,40,40,40,21,21,0.889012,0.029067,,,,0.889945,-0.0283908
1474,40,40,40,21,21,0.888044,0.0297908,,,,0.889012,-0.029067
1475,40,40,40,21,21,0.887003,0.0305735,,,,0.888044,-0.0297908
1476,40,40,40,21,21,0.885847,0.0314269,,,,0.887003,-0.0305735
1477,40,40,40,21,21,0.88453,0.032362,,,,0.885847,-0.0314269
1478,40,40,40,21,21,0.883012,0.0333884,,,,0.88453,-0.032362
1479,40,40,40,21,21,0.881255,0.0345132,,,,0.883012,-0.0333884
1480,40,40,40,21,21,0.879232,0.035741,,,,0.881255,-0.0345132
1481,40,40,40,21,21,0.876926,0.0370733,,,,0.879232,-0.035741
1482,40,40,40,21,21,0.874332,0.038509,,,,0.876926,-0.0370733
1483,40,40,40,21,21,0.871454,0.040045,,,,0.874332,-0.038509
1484,40,40,40,21,21,0.868308,0.0416769,,,,0.871454,-0.040045
1485,40,40,40,21,21,0.864913,0.0434007,,,,0.868308,-0.0416769
1486,40,40,40,21,21,0.861293,0.0452134,,,,0.864913,-0.0434007
1487,40,40,40,21,21,0.857465,0.0471154,,,,0.861293,-0.0452134
1488,40,40,40,21,21,0.853444,0.0491106,,,,0.857465,-0.0471154
1489,40,40,40,21,21,0.849231,0.0512085,,,,0.853444,-0.0491106
1490,40,40,40,21,21,0.844813,0.0534239,,,,0.849231,-0.0512085
1491,40,40,40,21,21,0.840161,0.0557773,,,,0.844813,-0.0534239
1492,40,40,40,21,21,0.835228,0.0582943,,,,0.840161,-0.0557773
1493,40,40,40,21,21,0.829951,0.0610043,,,,0.835228,-0.0582943
1494,40,40,40,21,21,0.824256,0.0639386,,,,0.829951,-0.0610043
1495,40,40,40,21,21,0.818058,0.0671283,,,,0.824256,-0.0639386
1496,40,40,40,21,21,0.811275,0.070601,,,,0.818058,-0.0671283
1497,40,40,40,21,21,0.803826,0.0743785,,,,0.811275,-0.070601
1498,40,40,40,21,21,0.795646,0.0784729,,,,0.803826,-0.0743785
1499,40,40,40,21,21,0.786692,0.0828848,,,,0.795646,-0.0784729
1500,40,40,40,21,21,0.77695,0.0875998,,,,0.786692,-0.0828848
1501,40,40,40,21,21,0.76644,0.0925876,,,,0.77695,-0.0875998
1502,40,40,40,21,21,0.755224,0.0978003,,,,0.76644,-0.0925876
1503,40,40,40,21,21,0.743407,0.103173,,,,0.755224,-0.0978003
1504,40,40,40,21,21,0.731134,0.108623,,,,0.743407,-0.103173
1505,40,40,40,21,21,0.718593,0.114056,,,,0.731134,-0.108623
1506,40,40,40,21,21,0.706008,0.119362,,,,0.718593,-0.114056
1507,40,40,40,21,21,0.693629,0.124427,,,,0.706008,-0.119362
1508,40,40,40,21,21,0.681728,0.12913,,,,0.693629,-0.124427
1509,40,40,40,21,21,0.670584,0.133352,,,,0.681728,-0.12913
1510,40,40,40,21,21,0.660472,0.136983,,,,0.670584,-0.133352
1511,40,40,40,21,21,0.651654,0.139919,,,,0.660472,-0.136983
1512,40,40,40,21,21,0.644365,0.142074,,,,0.651654,-0.139919
1513,40,40,40,21,21,0.638803,0.143381,,,,0.644365,-0.142074
1514,40,40,40,21,21,0.63512,0.143795,,,,0.638803,-0.143381
1515,40,40,40,21,21,0.633417,0.143294,,,,0.63512,-0.143795
1516,40,40,40,21,21,0.633737,0.141883,,,,0.633417,-0.143294
1517,40,40,40,21,21,0.636066,0.139589,,,,0.633737,-0.141883
1518,40,40,40,21,21,0.640331,0.136467,,,,0.636066,-0.139589
1519,40,40,40,21,21,0.646408,0.132588,,,,0.640331,-0.136467
1520,40,40,40,21,21,0.654126,0.128043,,,,0.646408,-0.132588
1521,40,40,40,21,21,0.663275,0.122938,,,,0.654126,-0.128043
1522,40,40,40,21,21,0.673613,0.117387,,,,0.663275,-0.122938
1523,40,40,40,21,21,0.684884,0.11151,,,,0.673613,-0.117387
1524,40,40,40,21,21,0.696822,0.105425,,,,0.684884,-0.11151
1525,40,40,40,21,21,0.709163,0.0992492,,,,0.696822,-0.105425
1526,40,40,40,21,21,0.721659,0.0930889,,,,0.709163,-0.0992492
1527,40,40,40,21,21,0.734081,0.0870405,,,,0.721659,-0.0930889
1528,40,40,40,21,21,0.74623,0.0811862,,,,0.734081,-0.0870405
1529,40,40,40,21,21,0.757941,0.0755929,,,,0.74623,-0.0811862
1530,40,40,40,21,21,0.769086,0.070311,,,,0.757941,-0.0755929
1531,40,40,40,21,21,0.779575,0.0653744,,,,0.769086,-0.070311
1532,40,40,40,21,21,0.789354,0.0608019,,,,0.779575,-0.0653744
1533,40,40,40,21,21,0.798405,0.0565976,,,,0.789354,-0.0608019
1534,40,40,40,21,21,0.806738,0.0527538,,,,0.798405,-0.0565976
1535,40,40,40,21,21,0.81439,0.0492525,,,,0.806738,-0.0527538
1536,40,40,40,21,21,0.821415,0.0460685,,,,0.81439,-0.0492525
1537,40,40,40,21,21,0.827879,0.0431715,,,,0.821415,-0.0460685
1538,40,40,40,21,21,0.833856,0.0405288,,,,0.827879,-0.0431715
1539,40,40,40,21,21,0.83942,0.0381072,,,,0.833856,-0.0405288
1540,40,40,40,21,21,0.844638,0.0358752,,,,0.83942,-0.0381072
1541,40,40,40,21,21,0.849572,0.0338041,,,,0.844638,-0.0358752
1542,40,40,40,21,21,0.85427,0.0318693,,,,0.849572,-0.0338041
1543,40,40,40,21,21,0.85877,0.0300508,,,,0.85427,-0.0318693
1544,40,40,40,21,21,0.863094,0.0283331,,,,0.85877,-0.0300508
1545,40,40,40,21,21,0.867253,0.0267057,,,,0.863094,-0.0283331
1546,40,40,40,21,21,0.871249,0.0251617,,,,0.867253,-0.0267057
1547,40,40,40,21,21,0.875073,0.0236978,,,,0.871249,-0.0251617
1548,40,40,40,21,21,0.878712,0.0223131,,,,0.875073,-0.0236978
1549,40,40,40,21,21,0.882149,0.0210083,,,,0.878712,-0.0223131
1550,40,40,40,21,21,0.885369,0.0197849,,,,0.882149,-0.0210083
1551,40,40,40,21,21,0.88836,0.0186441,,,,0.885369,-0.0197849
1552,40,40,40,21,21,0.891113,0.0175866,,,,0.88836,-0.0186441
1553,40,40,40,21,21,0.893627,0.0166117,,,,0.891113,-0.0175866
1554,40,40,40,21,21,0.895908,0.0157174,,,,0.893627,-0.0166117
1555,40,40,40,21,21,0.897971,0.0148998,,,,0.895908,-0.0157174
1556,40,40,40,21,21,0.899836,0.0141539,,,,0.897971,-0.0148998
1557,40,40,40,21,21,0.901529,0.013473,,,,0.899836,-0.0141539
1558,40,40,40,21,21,0.903081,0.0128497,,,,0.901529,-0.013473
1559,40,40,40,21,21,0.904524,0.0122761,,,,0.903081,-0.0128497
1560,40,40,40,21,21,0.90589,0.011744,,,,0.904524,-0.0122761
1561,40,40,40,21,21,0.90721,0.0112456,,,,0.90589,-0.011744
1562,40,40,40,21,21,0.908508,0.010774,,,,0.90721,-0.0112456
1563,40,40,40,21,21,0.909807,0.0103231,,,,0.908508,-0.010774
1564,40,40,40,21,21,0.911119,0.00988826,,,,0.909807,-0.0103231
1565,40,40,40,21,21,0.912451,0.00946601,,,,0.911119,-0.00988826
1566,40,40,40,21,21,0.913803,0.00905434,,,,0.912451,-0.00946601
1567,40,40,40,21,21,0.915168,0.00865252,,,,0.913803,-0.00905434
1568,40,40,40,21,21,0.916534,0.00826088,,,,0.915168,-0.00865252
1569,40,40,40,21,21,0.917883,0.00788062,,,,0.916534,-0.00826088
1570,40,40,40,21,21,0.919197,0.00751353,,,,0.917883,-0.00788062
1571,40,40,40,21,21,0.920457,0.00716167,,,,0.919197,-0.00751353
1572,40,40,40,21,21,0.921643,0.00682711,,,,0.920457,-0.00716167
1573,40,40,40,21,21,0.922742,0.00651164,,,,0.921643,-0.00682711
1574,40,40,40,21,21,0.92374,0.00621663,,,,0.922742,-0.00651164
1575,40,40,40,21,21,0.924633,0.00594279,,,,0.92374,-0.00621663
1576,40,40,40,21,21,0.92542,0.00569017,,,,0.924633,-0.00594279
1577,40,40,40,21,21,0.926106,0.00545809,,,,0.92542,-0.00569017
1578,40,40,40,21,21,0.926702,0.00524523,,,,0.926106,-0.00545809
1579,40,40,40,21,21,0.927224,0.00504968,,,,0.926702,-0.00524523
1580,40,40,40,21,21,0.927691,0.00486911,,,,0.927224,-0.00504968
1581,40,40,40,21,21,0.928123,0.00470095,,,,0.927691,-0.00486911
1582,40,40,40,21,21,0.928542,0.00454255,,,,0.928123,-0.00470095
1583,40,40,40,21,21,0.928969,0.00439133,,,,0.928542,-0.00454255
1584,40,40,40,21,21,0.929421,0.00424499,,,,0.928969,-0.00439133
1585,40,40,40,21,21,0.929912,0.00410162,,,,0.929421,-0.00424499
1586,40,40,40,21,21,0.930451,0.00395975,,,,0.929912,-0.00410162
1587,40,40,40,21,21,0.931042,0.00381848,,,,0.930451,-0.00395975
1588,40,40,40,21,21,0.931685,0.0036774,,,,0.931042,-0.00381848
1589,40,40,40,21,21,0.932371,0.00353663,,,,0.931685,-0.0036774
1590,40,40,40,21,21,0.93309,0.00339671,,,,0.932371,-0.00353663
1591,40,40,40,21,21,0.933827,0.00325852,,,,0.93309,-0.00339671
1592,40,40,40,21,21,0.934565,0.00312316,,,,0.933827,-0.00325852
1593,40,40,40,21,21,0.935285,0.00299185,,,,0.934565,-0.00312316
1594,40,40,40,21,21,0.93597,0.00286578,,,,0.935285,-0.00299185
1595,40,40,40,21,21,0.936603,0.00274601,,,,0.93597,-0.00286578
1596,40,40,40,21,21,0.937173,0.00263341,,,,0.936603,-0.00274601
1597,40,40,40,21,21,0.93767,0.00252854,,,,0.937173,-0.00263341
1598,40,40,40,21,21,0.938091,0.00243163,,,,0.93767,-0.00252854
1599,40,40,40,21,21,0.938435,0.00234261,,,,0.938091,-0.00243163
1600,40,40,40,21,21,0.93871,0.00226104,,,,0.938435,-0.00234261
1601,40,40,40,21,21,0.938926,0.00218623,,,,0.93871,-0.00226104
1602,40,40,40,21,21,0.939096,0.00211726,,,,0.938926,-0.00218623
1603,40,40,40,21,21,0.939237,0.00205304,,,,0.939096,-0.00211726
1604,40,40,40,21,21,0.939367,0.00199242,,,,0.939237,-0.00205304
1605,40,40,40,21,21,0.939504,0.00193428,,,,0.939367,-0.00199242
1606,40,40,40,21,21,0.939665,0.00187756,,,,0.939504,-0.00193428
1607,40,40,40,21,21,0.939863,0.00182134,,,,0.939665,-0.00187756
1608,40,40,40,21,21,0.94011,0.00176494,,,,0.939863,-0.00182134
1609,40,40,40,21,21,0.940411,0.00170788,,,,0.94011,-0.00176494
1610,40,40,40,21,21,0.940769,0.00164993,,,,0.940411,-0.00170788
1611,40,40,40,21,21,0.94118,0.00159111,,,,0.940769,-0.00164993
1612,40,40,40,21,21,0.941637,0.00153166,,,,0.94118,-0.00159111
1613,40,40,40,21,21,0.942129,0.00147199,,,,0.941637,-0.00153166
1614,40,40,40,21,21,0.942641,0.00141266,,,,0.942129,-0.00147199
1615,40,40,40,21,21,0.943156,0.00135428,,,,0.942641,-0.00141266
1616,40,40,40,21,21,0.943658,0.00129753,,,,0.943156,-0.00135428
1617,40,40,40,21,21,0.944131,0.00124301,,,,0.943658,-0.00129753
1618,40,40,40,21,21,0.94456,0.00119126,,,,0.944131,-0.00124301
1619,40,40,40,21,21,0.944933,0.00114272,,,,0.94456,-0.00119126
1620,40,40,40,21,21,0.945243,0.00109764,,,,0.944933,-0.00114272
1621,40,40,40,21,21,0.945486,0.00105615,,,,0.945243,-0.00109764
1622,40,40,40,21,21,0.945662,0.00101819,,,,0.945486,-0.00105615
1623,40,40,40,21,21,0.945779,0.000983536,,,,0.945662,-0.00101819
1624,40,40,40,21,21,0.945845,0.000951856,,,,0.945779,-0.000983536
1625,40,40,40,21,21,0.945874,0.000922692,,,,0.945845,-0.000951856
1626,40,40,40,21,21,0.945881,0.000895522,,,,0.945874,-0.000922692
1627,40,40,40,21,21,0.945883,0.000869791,,,,0.945881,-0.000895522
1628,40,40,40,21,21,0.945897,0.000844951,,,,0.945883,-0.000869791
1629,40,40,40,21,21,0.94594,0.000820495,,,,0.945897,-0.000844951
1630,40,40,40,21,21,0.946025,0.000795991,,,,0.94594,-0.000820495
1631,40,40,40,21,21,0.946164,0.000771104,,,,0.946025,-0.000795991
1632,40,40,40,21,21,0.946362,0.00074561,,,,0.946164,-0.000771104
1633,40,40,40,21,21,0.946622,0.000719408,,,,0.946362,-0.00074561
1634,40,40,40,21,21,0.946942,0.000692513,,,,0.946622,-0.000719408
1635,40,40,40,21,21,0.947315,0.000665047,,,,0.946942,-0.000692513
1636,40,40,40,21,21,0.947731,0.000637224,,,,0.947315,-0.000665047
1637,40,40,40,21,21,0.948175,0.000609326,,,,0.947731,-0.000637224
1638,40,40,40,21,21,0.948633,0.00058168,,,,0.948175,-0.000609326
1639,40,40,40,21,21,0.949086,0.000554626,,,,0.948633,-0.00058168
1640,40,40,40,21,21,0.949519,0.000528495,,,,0.949086,-0.000554626
1641,40,40,40,21,21,0.949914,0.000503585,,,,0.949519,-0.000528495
1642,40,40,40,21,21,0.950259,0.000480138,,,,0.949914,-0.000503585
1643,40,40,40,21,21,0.950544,0.000458325,,,,0.950259,-0.000480138
1644,40,40,40,21,21,0.950762,0.00043824,,,,0.950544,-0.000458325
1645,40,40,40,21,21,0.950913,0.000419894,,,,0.950762,-0.00043824
1646,40,40,40,21,21,0.950999,0.000403219,,,,0.950913,-0.000419894
1647,40,40,40,21,21,0.951027,0.000388074,,,,0.950999,-0.000403219
1648,40,40,40,21,21,0.951008,0.000374262,,,,0.951027,-0.000388074
1649,40,40,40,21,21,0.950957,0.000361539,,,,0.951008,-0.000374262
1650,40,40,40,21,21,0.950891,0.000349639,,,,0.950957,-0.000361539
1651,40,40,40,21,21,0.950825,0.000338288,,,,0.950891,-0.000349639
1652,40,40,40,21,21,0.950779,0.000327224,,,,0.950825,-0.000338288
1653,40,40,40,21,21,0.950767,0.000316212,,,,0.950779,-0.000327224
1654,40,40,40,21,21,0.950803,0.000305059,,,,0.950767,-0.000316212
1655,40,40,40,21,21,0.950897,0.00029362,,,,0.950803,-0.000305059
1656,40,40,40,21,21,0.951055,0.000281811,,,,0.950897,-0.00029362
1657,40,40,40,21,21,0.95128,0.000269601,,,,0.951055,-0.000281811
1658,40,40,40,21,21,0.951567,0.000257018,,,,0.95128,-0.000269601
1659,40,40,40,21,21,0.951911,0.000244141,,,,0.951567,-0.000257018
1660,40,40,40,21,21,0.952299,0.000231085,,,,0.951911,-0.000244141
1661,40,40,40,21,21,0.952718,0.000218001,,,,0.952299,-0.000231085
1662,40,40,40,21,21,0.95315,0.000205053,,,,0.952718,-0.000218001
1663,40,40,40,21,21,0.95358,0.000192412,,,,0.95315,-0.000205053
1664,40,40,40,21,21,0.953988,0.000180241,,,,0.95358,-0.000192412
1665,40,40,40,21,21,0.954359,0.000168685,,,,0.953988,-0.000180241
1666,40,40,40,21,21,0.954679,0.000157861,,,,0.954359,-0.000168685
1667,40,40,40,21,21,0.954937,0.000147851,,,,0.954679,-0.000157861
1668,40,40,40,21,21,0.955126,0.0001387,,,,0.954937,-0.000147851
1669,40,40,40,21,21,0.955243,0.000130414,,,,0.955126,-0.0001387
1670,40,40,40,21,21,0.955291,0.00012296,,,,0.955243,-0.000130414
1671,40,40,40,21,21,0.955277,0.000116274,,,,0.955291,-0.00012296
1672,40,40,40,21,21,0.955211,0.000110261,,,,0.955277,-0.000116274
1673,40,40,40,21,21,0.955107,0.000104808,,,,0.955211,-0.000110261
1674,40,40,40,21,21,0.954981,9.97906E-05,,,,0.955107,-0.000104808
1675,40,40,40,21,21,0.954852,9.50802E-05,,,,0.954981,-9.98E-05
1676,40,40,40,21,21,0.954737,9.05543E-05,,,,0.954852,-9.51E-05
1677,40,40,40,21,21,0.954654,8.61032E-05,,,,0.954737,-9.06E-05
1678,40,40,40,21,21,0.954617,8.16363E-05,,,,0.954654,-8.61E-05
1679,40,40,40,21,21,0.95464,7.70866E-05,,,,0.954617,-8.16E-05
1680,40,40,40,21,21,0.954729,7.24136E-05,,,,0.95464,-7.71E-05
1681,40,40,40,21,21,0.954889,6.76037E-05,,,,0.954729,-7.24E-05
1682,40,40,40,21,21,0.955119,6.26697E-05,,,,0.954889,-6.76E-05
1683,40,40,40,21,21,0.955414,5.76477E-05,,,,0.955119,-6.27E-05
1684,40,40,40,21,21,0.955764,5.25928E-05,,,,0.955414,-5.76E-05
1685,40,40,40,21,21,0.956157,4.75743E-05,,,,0.955764,-5.26E-05
1686,40,40,40,21,21,0.956575,4.26695E-05,,,,0.956157,-4.76E-05
1687,40,40,40,21,21,0.957001,3.79581E-05,,,,0.956575,-4.27E-05
1688,40,40,40,21,21,0.957416,3.35157E-05,,,,0.957001,-3.80E-05
1689,40,40,40,21,21,0.957802,2.94092E-05,,,,0.957416,-3.35E-05
1690,40,40,40,21,21,0.958142,0.000025692,,,,0.957802,-2.94E-05
1691,40,40,40,21,21,0.958423,0.000022401,,,,0.958142,-2.57E-05
1692,40,40,40,21,21,0.958634,1.95546E-05,,,,0.958423,-2.24E-05
1693,40,40,40,21,21,0.958769,1.71523E-05,,,,0.958634,-1.96E-05
1694,40,40,40,21,21,0.958827,1.51755E-05,,,,0.958769,-1.72E-05
1695,40,40,40,21,21,0.95881,1.35894E-05,,,,0.958827,-1.52E-05
1696,40,40,40,21,21,0.958727,1.23462E-05,,,,0.95881,-1.36E-05
1697,40,40,40,21,21,0.95859,1.13893E-05,,,,0.958727,-1.23E-05
1698,40,40,40,21,21,0.958414,0.000010657,,,,0.95859,-1.14E-05
1699,40,40,40,21,21,0.958217,1.00878E-05,,,,0.958414,-1.07E-05
1700,40,40,40,21,21,0.958018,9.62421E-06,,,,0.958217,-1.01E-05
1701,40,40,40,21,21,0.957837,9.21718E-06,,,,0.958018,-9.62E-06
1702,40,40,40,21,21,0.957693,8.82916E-06,,,,0.957837,-9.22E-06
1703,40,40,40,21,21,0.957601,8.43661E-06,,,,0.957693,-8.83E-06
1704,40,40,40,21,21,0.957575,8.03135E-06,,,,0.957601,-8.44E-06
1705,40,40,40,21,21,0.957625,7.62084E-06,,,,0.957575,-8.03E-06
1706,40,40,40,21,21,0.957756,7.22736E-06,,,,0.957625,-7.62E-06
1707,40,40,40,21,21,0.957966,6.88615E-06,,,,0.957756,-7.23E-06
1708,40,40,40,21,21,0.958251,6.64266E-06,,,,0.957966,-6.89E-06
1709,40,40,40,21,21,0.958601,6.54912E-06,,,,0.958251,-6.64E-06
1710,40,40,40,21,21,0.959003,6.66063E-06,,,,0.958601,-6.55E-06
1711,40,40,40,21,21,0.959439,7.03105E-06,,,,0.959003,-6.66E-06
1712,40,40,40,21,21,0.95989,7.70899E-06,,,,0.959439,-7.03E-06
1713,40,40,40,21,21,0.960336,8.73406E-06,,,,0.95989,-7.71E-06
1714,40,40,40,21,21,0.960755,1.01339E-05,,,,0.960336,-8.73E-06
1715,40,40,40,21,21,0.961129,1.19216E-05,,,,0.960755,-1.01E-05
1716,40,40,40,21,21,0.961441,1.40946E-05,,,,0.961129,-1.19E-05
1717,40,40,40,21,21,0.961676,1.66342E-05,,,,0.961441,-1.41E-05
1718,40,40,40,21,21,0.961827,1.95066E-05,,,,0.961676,-1.66E-05
1719,40,40,40,21,21,0.961889,2.26643E-05,,,,0.961827,-1.95E-05
1720,40,40,40,21,21,0.961863,2.60491E-05,,,,0.961889,-2.27E-05
1721,40,40,40,21,21,0.961754,2.95958E-05,,,,0.961863,-2.60E-05
1722,40,40,40,21,21,0.961574,3.32364E-05,,,,0.961754,-2.96E-05
1723,40,40,40,21,21,0.961337,3.69045E-05,,,,0.961574,-3.32E-05
1724,40,40,40,21,21,0.961062,4.05399E-05,,,,0.961337,-3.69E-05
1725,40,40,40,21,21,0.960769,4.40934E-05,,,,0.961062,-4.05E-05
1726,40,40,40,21,21,0.96048,4.75304E-05,,,,0.960769,-4.41E-05
1727,40,40,40,21,21,0.960218,5.08342E-05,,,,0.96048,-4.75E-05
1728,40,40,40,21,21,0.960001,5.40085E-05,,,,0.960218,-5.08E-05
1729,40,40,40,21,21,0.959848,5.70782E-05,,,,0.960001,-5.40E-05
1730,40,40,40,21,21,0.959774,6.00894E-05,,,,0.959848,-5.71E-05
1731,40,40,40,21,21,0.959787,0.000063108,,,,0.959774,-6.01E-05
1732,40,40,40,21,21,0.959893,0.000066217,,,,0.959787,-6.31E-05
1733,40,40,40,21,21,0.96009,6.95126E-05,,,,0.959893,-6.62E-05
1734,40,40,40,21,21,0.960373,7.30994E-05,,,,0.96009,-6.95E-05
1735,40,40,40,21,21,0.960731,7.70848E-05,,,,0.960373,-7.31E-05
1736,40,40,40,21,21,0.961146,8.15729E-05,,,,0.960731,-7.71E-05
1737,40,40,40,21,21,0.961601,8.66584E-05,,,,0.961146,-8.16E-05
1738,40,40,40,21,21,0.962073,9.24203E-05,,,,0.961601,-8.67E-05
1739,40,40,40,21,21,0.962539,9.89169E-05,,,,0.962073,-9.24E-05
1740,40,40,40,21,21,0.962975,0.000106181,,,,0.962539,-9.89E-05
1741,40,40,40,21,21,0.963359,0.000114217,,,,0.962975,-0.000106181
1742,40,40,40,21,21,0.963671,0.000122999,,,,0.963359,-0.000114217
1743,40,40,40,21,21,0.963895,0.00013247,,,,0.963671,-0.000122999
1744,40,40,40,21,21,0.964019,0.000142545,,,,0.963895,-0.00013247
1745,40,40,40,21,21,0.964038,0.000153112,,,,0.964019,-0.000142545
1746,40,40,40,21,21,0.96395,0.00016404,,,,0.964038,-0.000153112
1747,40,40,40,21,21,0.963761,0.000175184,,,,0.96395,-0.00016404
1748,40,40,40,21,21,0.963482,0.000186392,,,,0.963761,-0.000175184
1749,40,40,40,21,21,0.963129,0.000197517,,,,0.963482,-0.000186392
1750,40,40,40,21,21,0.962721,0.000208422,,,,0.963129,-0.000197517
1751,40,40,40,21,21,0.962281,0.000218993,,,,0.962721,-0.000208422
1752,40,40,40,21,21,0.961836,0.000229143,,,,0.962281,-0.000218993
1753,40,40,40,21,21,0.961409,0.000238824,,,,0.961836,-0.000229143
1754,40,40,40,21,21,0.961027,0.000248033,,,,0.961409,-0.000238824
1755,40,40,40,21,21,0.960711,0.000256811,,,,0.961027,-0.000248033
1756,40,40,40,21,21,0.960481,0.00026525,,,,0.960711,-0.000256811
1757,40,40,40,21,21,0.960351,0.000273492,,,,0.960481,-0.00026525
1758,40,40,40,21,21,0.96033,0.000281722,,,,0.960351,-0.000273492
1759,40,40,40,21,21,0.960421,0.000290165,,,,0.96033,-0.000281722
1760,40,40,40,21,21,0.96062,0.000299077,,,,0.960421,-0.000290165
1761,40,40,40,21,21,0.960918,0.000308734,,,,0.96062,-0.000299077
1762,40,40,40,21,21,0.9613,0.00031942,,,,0.960918,-0.000308734
1763,40,40,40,21,21,0.961744,0.000331412,,,,0.9613,-0.00031942
1764,40,40,40,21,21,0.962226,0.000344967,,,,0.961744,-0.000331412
1765,40,40,40,21,21,0.962719,0.000360309,,,,0.962226,-0.000344967
1766,40,40,40,21,21,0.963194,0.000377613,,,,0.962719,-0.000360309
1767,40,40,40,21,21,0.963622,0.000396994,,,,0.963194,-0.000377613
1768,40,40,40,21,21,0.963977,0.000418503,,,,0.963622,-0.000396994
1769,40,40,40,21,21,0.964233,0.000442112,,,,0.963977,-0.000418503
1770,40,40,40,21,21,0.964371,0.00046772,,,,0.964233,-0.000442112
1771,40,40,40,21,21,0.964377,0.000495149,,,,0.964371,-0.00046772
1772,40,40,40,21,21,0.964243,0.000524153,,,,0.964377,-0.000495149
1773,40,40,40,21,21,0.963968,0.000554426,,,,0.964243,-0.000524153
1774,40,40,40,21,21,0.963557,0.000585618,,,,0.963968,-0.000554426
1775,40,40,40,21,21,0.963024,0.000617351,,,,0.963557,-0.000585618
1776,40,40,40,21,21,0.962387,0.000649239,,,,0.963024,-0.000617351
1777,40,40,40,21,21,0.96167,0.000680913,,,,0.962387,-0.000649239
1778,40,40,40,21,21,0.960902,0.000712043,,,,0.96167,-0.000680913
1779,40,40,40,21,21,0.960114,0.000742361,,,,0.960902,-0.000712043
1780,40,40,40,21,21,0.959338,0.000771688,,,,0.960114,-0.000742361
1781,40,40,40,21,21,0.958605,0.000799946,,,,0.959338,-0.000771688
1782,40,40,40,21,21,0.957946,0.000827186,,,,0.958605,-0.000799946
1783,40,40,40,21,21,0.957386,0.000853588,,,,0.957946,-0.000827186
1784,40,40,40,21,21,0.956944,0.000879477,,,,0.957386,-0.000853588
1785,40,40,40,21,21,0.956636,0.000905317,,,,0.956944,-0.000879477
1786,40,40,40,21,21,0.956465,0.000931707,,,,0.956636,-0.000905317
1787,40,40,40,21,21,0.956433,0.000959366,,,,0.956465,-0.000931707
1788,40,40,40,21,21,0.956527,0.000989113,,,,0.956433,-0.000959366
1789,40,40,40,21,21,0.95673,0.00102184,,,,0.956527,-0.000989113
1790,40,40,40,21,21,0.957017,0.00105848,,,,0.95673,-0.00102184
1791,40,40,40,21,21,0.957357,0.00109997,,,,0.957017,-0.00105848
1792,40,40,40,21,21,0.957713,0.00114722,,,,0.957357,-0.00109997
1793,40,40,40,21,21,0.958046,0.00120104,,,,0.957713,-0.00114722
1794,40,40,40,21,21,0.958313,0.00126215,,,,0.958046,-0.00120104
1795,40,40,40,21,21,0.958476,0.00133111,,,,0.958313,-0.00126215
1796,40,40,40,21,21,0.958495,0.00140831,,,,0.958476,-0.00133111
1797,40,40,40,21,21,0.958336,0.00149391,,,,0.958495,-0.00140831
1798,40,40,40,21,21,0.957971,0.00158786,,,,0.958336,-0.00149391
1799,40,40,40,21,21,0.957381,0.0016899,,,,0.957971,-0.00158786
1800,40,40,40,21,21,0.956552,0.00179952,,,,0.957381,-0.0016899
,,,,,,,,,,,0.956552,-0.00179952
