1001,39,39,39,20,20,0.912395,0.0165504,0.92120924,0.014895359,,,,,,,
1002,39,39,39,20,20,0.913691,0.0154487,0.922372602,0.013903829,,,,,,,
1003,39,39,39,20,20,0.914944,0.0144242,0.923497487,0.012981779,,,,,,,
1004,39,39,39,20,20,0.916107,0.0134723,0.924541678,0.01212507,,,,,,,
1005,39,39,39,20,20,0.917111,0.0125902,0.925443192,0.01133118,,,,,,,
1006,39,39,39,20,20,0.917897,0.0117763,0.926149009,0.01059867,,,,,,,
1007,39,39,39,20,20,0.918445,0.0110298,0.926641131,0.00992682,,,,,,,
1008,39,39,39,20,20,0.918782,0.0103497,0.926943778,0.00931473,,,,,,,
1009,39,39,39,20,20,0.91897,0.00973458,0.927112617,0.008761122,,,,,,,
1010,39,39,39,20,20,0.919079,0.00918232,0.927210509,0.008264088,,,,,,,
1011,39,39,39,20,20,0.919158,0.00869125,0.927281459,0.007822125,,,,,,,
1012,39,39,39,20,20,0.919207,0.00826087,0.927325466,0.007434783,,,,,,,
1013,39,39,39,20,20,0.919183,0.00789259,0.927303911,0.007103331,,,,,,,
1014,39,39,39,20,20,0.919008,0.00758981,0.927146745,0.006830829,,,,,,,
1015,39,39,39,20,20,0.91861,0.00735739,0.92678931,0.006621651,,,,,,,
1016,39,39,39,20,20,0.91794,0.00720071,0.926187624,0.006480639,,,,,,,
1017,39,39,39,20,20,0.916997,0.00712492,0.925340825,0.006412428,,,,,,,
1018,39,39,39,20,20,0.915818,0.00713471,0.924282192,0.006421239,,,,,,,
1019,39,39,39,20,20,0.914461,0.00723501,0.923063858,0.006511509,,,,,,,
1020,39,39,39,20,20,0.912969,0.00743225,0.921724478,0.006689025,,,,,,,
1021,39,39,39,20,20,0.911345,0.00773583,0.920266798,0.006962247,,,,,,,
1022,39,39,39,20,20,0.909542,0.00815905,0.918648699,0.007343145,,,,,,,
1023,39,39,39,20,20,0.90747,0.00871923,0.916789522,0.007847307,,,,,,,
1024,39,39,39,20,20,0.90502,0.00943677,0.914591652,0.008493093,,,,,,,
1025,39,39,39,20,20,0.902096,0.010334,0.911969281,0.0093006,,,,,,,
1026,39,39,39,20,20,0.898636,0.0114344,0.908867268,0.01029096,,,,,,,
1027,39,39,39,20,20,0.89462,0.0127627,0.905268324,0.01148643,,,,,,,
1028,39,39,39,20,20,0.890053,0.0143469,0.901177762,0.012912209,,,,,,,
1029,39,39,39,20,20,0.884938,0.0162213,0.89659931,0.014599169,,,,,,,
1030,39,39,39,20,20,0.879242,0.0184291,0.89150477,0.016586188,,,,,,,
1031,39,39,39,20,20,0.872875,0.0210254,0.885815469,0.018922856,,,,,,,
1032,39,39,39,20,20,0.865683,0.024077,0.879396462,0.021669292,,,,,,,
1033,39,39,39,20,20,0.857467,0.0276614,0.872074199,0.024895244,,,,,,,
1034,39,39,39,20,20,0.848013,0.0318638,0.86366421,0.028677387,,,,,,,
1035,39,39,39,20,20,0.83712,0.0367751,0.853997195,0.033097523,,,,,,,
1036,39,39,39,20,20,0.824625,0.0424911,0.842942559,0.038241851,,,,,,,
1037,39,39,39,20,20,0.810397,0.0491142,0.830404618,0.044202494,,,,,,,
1038,39,39,39,20,20,0.794325,0.0567566,0.816313926,0.051080351,,,,,,,
1039,39,39,39,20,20,0.776291,0.0655432,0.800606178,0.05898767,,,,,,,
1040,39,39,39,20,20,0.756154,0.0756092,0.783212055,0.068045809,,,,,,,
1041,39,39,39,20,20,0.733752,0.0870902,0.764063983,0.07837617,,,,,,,
1042,39,39,39,20,20,0.708941,0.100101,0.743134749,0.090080849,,,,,,,
1043,39,39,39,20,20,0.68167,0.114706,0.720502781,0.103215542,,,,,,,
1044,39,39,39,20,20,0.652062,0.130877,0.696412245,0.117750901,,,,,,,
1045,39,39,39,20,20,0.620501,0.14846,0.671321092,0.133541881,,,,,,,
1046,39,39,39,20,20,0.587691,0.167145,0.645905912,0.150300043,,,,,,,
1047,39,39,39,20,20,0.554652,0.186456,0.621004984,0.167585037,,,,,,,
1048,39,39,39,20,20,0.522664,0.205764,0.597531945,0.184818752,,,,,,,
1049,39,39,39,20,20,0.493154,0.224335,0.576383778,0.201333321,,,,,,,
1050,39,39,39,20,20,0.467534,0.24139,0.558362672,0.216431411,,,,,,,
1051,39,39,39,20,20,0.447037,0.256191,0.54412863,0.229468281,,,,,,,
1052,39,39,39,20,20,0.432565,0.268117,0.534153689,0.239919751,,,,,,,
1053,39,39,39,20,20,0.424594,0.276739,0.528679425,0.247441975,,,,,,,
1054,39,39,39,20,20,0.423131,0.281864,0.527675889,0.251898509,,,,,,,
1055,39,39,39,20,20,0.427745,0.283543,0.530842041,0.253355986,,,,,,,
1056,39,39,39,20,20,0.437656,0.282053,0.537656833,0.252062637,,,,,,,
1057,39,39,39,20,20,0.451857,0.277843,0.547463441,0.24840294,,,,,,,
1058,39,39,39,20,20,0.469243,0.271471,0.559556218,0.242849494,,,,,,,
1059,39,39,39,20,20,0.48874,0.263523,0.573258209,0.235899855,,,,,,,
1060,39,39,39,20,20,0.509393,0.254553,0.587964972,0.228028913,,,,,,,
1061,39,39,39,20,20,0.530422,0.245033,0.603169869,0.21964637,,,,,,,
1062,39,39,39,20,20,0.551244,0.235326,0.618475129,0.211071712,,,,,,,
1063,39,39,39,20,20,0.571452,0.225687,0.633581057,0.202532792,,,,,,,
1064,39,39,39,20,20,0.590793,0.216278,0.648279315,0.194176981,,,,,,,
1065,39,39,39,20,20,0.609125,0.207189,0.662431138,0.186088302,,,,,,,
1066,39,39,39,20,20,0.62638,0.198474,0.675947578,0.178318623,,,,,,,
1067,39,39,39,20,20,0.642535,0.190162,0.688772838,0.170897133,,,,,,,
1068,39,39,39,20,20,0.657597,0.182281,0.700876085,0.163851663,,,,,,,
1069,39,39,39,20,20,0.671587,0.174857,0.712240685,0.157207839,,,,,,,
1070,39,39,39,20,20,0.684538,0.167911,0.722863514,0.150986426,,,,,,,
1071,39,39,39,20,20,0.696494,0.161454,0.732754587,0.145198891,,,,,,,
1072,39,39,39,20,20,0.707508,0.155481,0.741935501,0.139842037,,,,,,,
1073,39,39,39,20,20,0.717641,0.149969,0.750438464,0.134896241,,,,,,,
1074,39,39,39,20,20,0.72696,0.14488,0.758304319,0.130328167,,,,,,,
1075,39,39,39,20,20,0.735532,0.140167,0.765577073,0.126096196,,,,,,,
1076,39,39,39,20,20,0.743425,0.135783,0.77230427,0.122158544,,,,,,,
1077,39,39,39,20,20,0.7507,0.131689,0.778529716,0.118480495,,,,,,,
1078,39,39,39,20,20,0.757414,0.127859,0.784295588,0.115038929,,,,,,,
1079,39,39,39,20,20,0.763616,0.12428,0.789638626,0.111822351,,,,,,,
1080,39,39,39,20,20,0.769346,0.120948,0.794588938,0.108827318,,,,,,,
1081,39,39,39,20,20,0.774636,0.117863,0.799170586,0.106053955,,,,,,,
1082,39,39,39,20,20,0.779516,0.115023,0.803406585,0.103500566,,,,,,,
1083,39,39,39,20,20,0.784007,0.112418,0.807312691,0.101158245,,,,,,,
1084,39,39,39,20,20,0.788134,0.110032,0.81090858,0.099012671,,,,,,,
1085,39,39,39,20,20,0.791917,0.107839,0.814209957,0.097040516,,,,,,,
1086,39,39,39,20,20,0.795381,0.105812,0.817237209,0.095217536,,,,,,,
1087,39,39,39,20,20,0.798552,0.103926,0.820011889,0.093521277,,,,,,,
1088,39,39,39,20,20,0.801457,0.102164,0.82255667,0.09193647,,,,,,,
1089,39,39,39,20,20,0.804122,0.100516,0.824893563,0.090454139,,,,,,,
1090,39,39,39,20,20,0.806571,0.0989819,0.827042991,0.089074209,,,,,,,
1091,39,39,39,20,20,0.80882,0.0975673,0.829018492,0.087801729,,,,,,,
1092,39,39,39,20,20,0.810882,0.0962783,0.830831064,0.086642197,,,,,,,
1093,39,39,39,20,20,0.812763,0.0951185,0.83248562,0.085598864,,,,,,,
1094,39,39,39,20,20,0.814462,0.0940854,0.833980967,0.084669488,,,,,,,
1095,39,39,39,20,20,0.81598,0.0931698,0.835317706,0.083845799,,,,,,,
1096,39,39,39,20,20,0.817318,0.0923576,0.836496478,0.08311512,,,,,,,
1097,39,39,39,20,20,0.81848,0.0916326,0.837520599,0.08246288,,,,,,,
1098,39,39,39,20,20,0.819479,0.0909807,0.838401359,0.081876396,,,,,,,
1099,39,39,39,20,20,0.820327,0.0903929,0.839149206,0.081347575,,,,,,,
1100,39,39,39,20,20,0.821041,0.089867,0.83977903,0.080874439,,,,,,,
1101,39,39,39,20,20,0.821637,0.0894069,0.84030487,0.080460497,,,,,,,
1102,39,39,39,20,20,0.822124,0.0890208,0.840734613,0.080113129,,,,,,,
1103,39,39,39,20,20,0.822507,0.0887174,0.841072628,0.079840164,,,,,,,
1104,39,39,39,20,20,0.822782,0.0885028,0.841315352,0.07964709,,,,,,,
1105,39,39,39,20,20,0.822942,0.0883782,0.841456582,0.079534988,,,,,,,
1106,39,39,39,20,20,0.822976,0.0883391,0.841486594,0.07949981,,,,,,,
1107,39,39,39,20,20,0.822876,0.0883764,0.841398324,0.079533369,,,,,,,
1108,39,39,39,20,20,0.82264,0.0884793,0.841190015,0.079625947,,,,,,,
1109,39,39,39,20,20,0.82227,0.0886378,0.84086346,0.079768549,,,,,,,
1110,39,39,39,20,20,0.821775,0.0888462,0.840426639,0.079956044,,,,,,,
1111,39,39,39,20,20,0.821167,0.0891042,0.839890189,0.080188163,,,,,,,
1112,39,39,39,20,20,0.820456,0.0894171,0.839262987,0.080469674,,,,,,,
1113,39,39,39,20,20,0.819651,0.089794,0.838553029,0.080808762,,,,,,,
1114,39,39,39,20,20,0.818753,0.0902452,0.83776126,0.081214694,,,,,,,
1115,39,39,39,20,20,0.817755,0.0907793,0.836881581,0.081695205,,,,,,,
1116,39,39,39,20,20,0.816646,0.091401,0.835904387,0.082254521,,,,,,,
1117,39,39,39,20,20,0.815408,0.0921097,0.834813931,0.0828921,,,,,,,
1118,39,39,39,20,20,0.814029,0.0929004,0.83359979,0.08360344,,,,,,,
1119,39,39,39,20,20,0.812496,0.0937657,0.8322507,0.084381882,,,,,,,
1120,39,39,39,20,20,0.810806,0.0946981,0.830764235,0.085220674,,,,,,,
1121,39,39,39,20,20,0.808961,0.095693,0.829142396,0.086115676,,,,,,,
1122,39,39,39,20,20,0.806967,0.0967506,0.827390723,0.087067062,,,,,,,
1123,39,39,39,20,20,0.804832,0.0978763,0.825516523,0.088079688,,,,,,,
1124,39,39,39,20,20,0.802561,0.0990801,0.823524479,0.089162542,,,,,,,
1125,39,39,39,20,20,0.800152,0.100374,0.821413156,0.090326412,,,,,,,
1126,39,39,39,20,20,0.797596,0.101771,0.819175026,0.091582983,,,,,,,
1127,39,39,39,20,20,0.794877,0.10328,0.816796505,0.092940249,,,,,,,
1128,39,39,39,20,20,0.791974,0.104907,0.814259737,0.094403594,,,,,,,
1129,39,39,39,20,20,0.788863,0.106651,0.811544386,0.095972102,,,,,,,
1130,39,39,39,20,20,0.785524,0.108509,0.808633766,0.097643057,,,,,,,
1131,39,39,39,20,20,0.78194,0.110477,0.80551398,0.099412843,,,,,,,
1132,39,39,39,20,20,0.778103,0.112552,0.802179139,0.101278738,,,,,,,
1133,39,39,39,20,20,0.774009,0.114735,0.79862698,0.103241617,,,,,,,
1134,39,39,39,20,20,0.769654,0.11703,0.794855397,0.105305047,,,,,,,
1135,39,39,39,20,20,0.765038,0.119448,0.790865905,0.107478884,,,,,,,
1136,39,39,39,20,20,0.760151,0.122006,0.786651558,0.109778366,,,,,,,
1137,39,39,39,20,20,0.754979,0.124719,0.782202223,0.112216924,,,,,,,
1138,39,39,39,20,20,0.749498,0.127605,0.777499513,0.114810667,,,,,,,
1139,39,39,39,20,20,0.743677,0.130676,0.772519519,0.117570295,,,,,,,
1140,39,39,39,20,20,0.73748,0.133942,0.767234675,0.120504689,,,,,,,
1141,39,39,39,20,20,0.73087,0.137406,0.761617322,0.123616419,,,,,,,
1142,39,39,39,20,20,0.723812,0.14107,0.755642379,0.126907131,,,,,,,
1143,39,39,39,20,20,0.716278,0.144932,0.74929165,0.130374853,,,,,,,
1144,39,39,39,20,20,0.708244,0.148992,0.74255131,0.13401938,,,,,,,
1145,39,39,39,20,20,0.699689,0.153256,0.735411119,0.137845855,,,,,,,
1146,39,39,39,20,20,0.690596,0.157731,0.727865293,0.14186027,,,,,,,
1147,39,39,39,20,20,0.680946,0.162432,0.719907577,0.146075727,,,,,,,
1148,39,39,39,20,20,0.670713,0.167375,0.711527306,0.150506143,,,,,,,
1149,39,39,39,20,20,0.659866,0.172579,0.702711336,0.155168012,,,,,,,
1150,39,39,39,20,20,0.648367,0.178062,0.693442713,0.160076799,,,,,,,
1151,39,39,39,20,20,0.636176,0.183833,0.683705006,0.165239749,,,,,,,
1152,39,39,39,20,20,0.623248,0.189897,0.673480121,0.170660361,,,,,,,
1153,39,39,39,20,20,0.609547,0.19625,0.662759442,0.176333896,,,,,,,
1154,39,39,39,20,20,0.595045,0.202878,0.651542596,0.182246504,,,,,,,
1155,39,39,39,20,20,0.579726,0.20976,0.639839831,0.188377918,,,,,,,
1156,39,39,39,20,20,0.56359,0.216871,0.627673879,0.194704158,,,,,,,
1157,39,39,39,20,20,0.546656,0.22418,0.615080489,0.201195781,,,,,,,
1158,39,39,39,20,20,0.528959,0.231653,0.602104052,0.207820602,,,,,,,
1159,39,39,39,20,20,0.51055,0.239253,0.588795269,0.214543753,,,,,,,
1160,39,39,39,20,20,0.491499,0.246937,0.575210789,0.221325114,,,,,,,
1161,39,39,39,20,20,0.471897,0.254651,0.561412006,0.228115054,,,,,,,
1162,39,39,39,20,20,0.451858,0.262332,0.547464134,0.234856415,,,,,,,
1163,39,39,39,20,20,0.431524,0.269897,0.533438065,0.241475144,,,,,,,
1164,39,39,39,20,20,0.411071,0.277245,0.519414162,0.247882482,,,,,,,
1165,39,39,39,20,20,0.390717,0.284255,0.505489453,0.25397366,,,,,,,
1166,39,39,39,20,20,0.370717,0.290787,0.491778804,0.259629202,,,,,,,
1167,39,39,39,20,20,0.351371,0.296687,0.478428311,0.264719546,,,,,,,
1168,39,39,39,20,20,0.333012,0.301794,0.465617864,0.269111069,,,,,,,
1169,39,39,39,20,20,0.315995,0.305947,0.453565427,0.272671706,,,,,,,
1170,39,39,39,20,20,0.300686,0.308996,0.442529521,0.275279546,,,,,,,
1171,39,39,39,20,20,0.287443,0.310811,0.432800743,0.27682934,,,,,,,
1172,39,39,39,20,20,0.276592,0.311291,0.424681092,0.277238873,,,,,,,
1173,39,39,39,20,20,0.268412,0.310366,0.41846051,0.276449545,,,,,,,
1174,39,39,39,20,20,0.263119,0.308007,0.414385648,0.274434238,,,,,,,
1175,39,39,39,20,20,0.26085,0.304226,0.412626213,0.271197357,,,,,,,
1176,39,39,39,20,20,0.261659,0.29907,0.413254419,0.266770432,,,,,,,
1177,39,39,39,20,20,0.265514,0.292623,0.416234486,0.261215132,,,,,,,
1178,39,39,39,20,20,0.272303,0.284998,0.421430739,0.254617978,,,,,,,
1179,39,39,39,20,20,0.28184,0.276333,0.428625994,0.247088447,,,,,,,
1180,39,39,39,20,20,0.293881,0.266782,0.437553477,0.238752404,,,,,,,
1181,39,39,39,20,20,0.308133,0.256511,0.447923598,0.229749371,,,,,,,
1182,39,39,39,20,20,0.324274,0.24569,0.459454064,0.220225764,,,,,,,
1183,39,39,39,20,20,0.341965,0.234487,0.471886155,0.210329386,,,,,,,
1184,39,39,39,20,20,0.360864,0.223064,0.484994262,0.200205335,,,,,,,
1185,39,39,39,20,20,0.380642,0.211573,0.49859014,0.189991763,,,,,,,
1186,39,39,39,20,20,0.400985,0.200151,0.512513741,0.17981469,,,,,,,
1187,39,39,39,20,20,0.421613,0.188917,0.526634975,0.169784667,,,,,,,
1188,39,39,39,20,20,0.442275,0.177971,0.54084051,0.159995356,,,,,,,
1189,39,39,39,20,20,0.46276,0.167391,0.555034425,0.15052048,,,,,,,
1190,39,39,39,20,20,0.482896,0.157236,0.569133905,0.141416292,,,,,,,
1191,39,39,39,20,20,0.502547,0.147544,0.583066368,0.132719679,,,,,,,
1192,39,39,39,20,20,0.521613,0.138338,0.596770768,0.124453535,,,,,,,
1193,39,39,39,20,20,0.540025,0.129623,0.610196626,0.116624106,,,,,,,
1194,39,39,39,20,20,0.557739,0.121395,0.623302701,0.109229136,,,,,,,
1195,39,39,39,20,20,0.574728,0.113642,0.636053973,0.102258846,,,,,,,
1196,39,39,39,20,20,0.590983,0.106345,0.648424887,0.095696899,,,,,,,
1197,39,39,39,20,20,0.606502,0.0994864,0.660393071,0.089528014,,,,,,,
1198,39,39,39,20,20,0.621287,0.0930463,0.671938367,0.083734696,,,,,,,
1199,39,39,39,20,20,0.635347,0.0870068,0.683046189,0.078301134,,,,,,,
1200,39,39,39,20,20,0.648691,0.0813509,0.693702765,0.073212247,,,,,,,
1201,39,39,39,20,20,0.661333,0.0760627,0.703899549,0.068453884,,,,,,,
1202,39,39,39,20,20,0.673291,0.0711266,0.713632816,0.06401212,,,,,,,
1203,39,39,39,20,20,0.684587,0.0665259,0.722903888,0.059872007,,,,,,,
1204,39,39,39,20,20,0.695251,0.0622428,0.731722579,0.056017586,,,,,,,
1205,39,39,39,20,20,0.705317,0.0582577,0.74010399,0.052431259,,,,,,,
1206,39,39,39,20,20,0.714824,0.0545492,0.748069312,0.049093797,,,,,,,
1207,39,39,39,20,20,0.723811,0.0510951,0.755641535,0.045985242,,,,,,,
1208,39,39,39,20,20,0.732319,0.0478732,0.76284695,0.043085629,,,,,,,
1209,39,39,39,20,20,0.740385,0.0448622,0.769709886,0.040375798,,,,,,,
1210,39,39,39,20,20,0.748039,0.042043,0.776249893,0.037838569,,,,,,,
1211,39,39,39,20,20,0.755307,0.0393993,0.782484057,0.035459275,,,,,,,
1212,39,39,39,20,20,0.762205,0.0369178,0.788421652,0.033225951,,,,,,,
1213,39,39,39,20,20,0.768747,0.0345883,0.794070833,0.03112942,,,,,,,
1214,39,39,39,20,20,0.774943,0.0324029,0.799436807,0.029162574,,,,,,,
1215,39,39,39,20,20,0.780801,0.0303556,0.80452348,0.027320014,,,,,,,
1216,39,39,39,20,20,0.786332,0.0284407,0.809337743,0.025596611,,,,,,,
1217,39,39,39,20,20,0.791553,0.0266523,0.813892085,0.023987057,,,,,,,
1218,39,39,39,20,20,0.796482,0.0249839,0.81820023,0.0224855,,,,,,,
1219,39,39,39,20,20,0.801143,0.0234275,0.822281476,0.021084743,,,,,,,
1220,39,39,39,20,20,0.805565,0.0219741,0.826159826,0.019776685,,,,,,,
1221,39,39,39,20,20,0.809771,0.020614,0.829854299,0.018552596,,,,,,,
1222,39,39,39,20,20,0.813788,0.0193376,0.833387657,0.017403837,,,,,,,
1223,39,39,39,20,20,0.817634,0.0181357,0.836774946,0.016322128,,,,,,,
1224,39,39,39,20,20,0.821322,0.0170006,0.840026939,0.015300539,,,,,,,
1225,39,39,39,20,20,0.824857,0.0159265,0.843147457,0.014333849,,,,,,,
1226,39,39,39,20,20,0.828239,0.0149092,0.846135965,0.013418279,,,,,,,
1227,39,39,39,20,20,0.831466,0.0139463,0.848990202,0.012551669,,,,,,,
1228,39,39,39,20,20,0.834531,0.0130367,0.851703518,0.01173303,,,,,,,
1229,39,39,39,20,20,0.837432,0.0121799,0.854273711,0.01096191,,,,,,,
1230,39,39,39,20,20,0.840171,0.0113755,0.856702164,0.01023795,,,,,,,
1231,39,39,39,20,20,0.842754,0.0106224,0.858993851,0.00956016,,,,,,,
1232,39,39,39,20,20,0.845195,0.00991854,0.861160897,0.008926686,,,,,,,
1233,39,39,39,20,20,0.847512,0.0092609,0.863219035,0.00833481,,,,,,,
1234,39,39,39,20,20,0.849724,0.00864545,0.865184948,0.007780905,,,,,,,
1235,39,39,39,20,20,0.85185,0.0080676,0.867075364,0.00726084,,,,,,,
1236,39,39,39,20,20,0.853908,0.00752268,0.868906171,0.006770412,,,,,,,
1237,39,39,39,20,20,0.855907,0.00700645,0.870685276,0.006305805,,,,,,,
1238,39,39,39,20,20,0.85785,0.0065155,0.872415267,0.00586395,,,,,,,
1239,39,39,39,20,20,0.859734,0.00604758,0.874093393,0.005442822,,,,,,,
1240,39,39,39,20,20,0.861551,0.00560159,0.875712449,0.005041431,,,,,,,
1241,39,39,39,20,20,0.863288,0.00517744,0.877260766,0.004659696,,,,,,,
1242,39,39,39,20,20,0.864935,0.00477574,0.878729342,0.004298166,,,,,,,
1243,39,39,39,20,20,0.866484,0.00439733,0.880110956,0.003957597,,,,,,,
1244,39,39,39,20,20,0.867933,0.00404289,0.881403736,0.003638601,,,,,,,
1245,39,39,39,20,20,0.869286,0.00371255,0.882611176,0.003341295,,,,,,,
1246,39,39,39,20,20,0.870556,0.00340566,0.883744813,0.003065094,,,,,,,
1247,39,39,39,20,20,0.871757,0.00312082,0.884817093,0.002808738,,,,,,,
1248,39,39,39,20,20,0.87291,0.00285593,0.885846727,0.002570337,,,,,,,
1249,39,39,39,20,20,0.874031,0.00260855,0.88684798,0.002347695,,,,,,,
1250,39,39,39,20,20,0.875135,0.00237618,0.887834235,0.002138562,,,,,,,
1251,39,39,39,20,20,0.876228,0.00215667,0.88881084,0.001941003,,,,,,,
1252,39,39,39,20,20,0.87731,0.00194844,0.889777788,0.001753596,,,,,,,
1253,39,39,39,20,20,0.878374,0.00175066,0.890728814,0.001575594,,,,,,,
1254,39,39,39,20,20,0.879405,0.00156321,0.891650497,0.001406889,,,,,,,
1255,39,39,39,20,20,0.880389,0.00138662,0.892530302,0.001247958,,,,,,,
1256,39,39,39,20,20,0.881309,0.00122172,0.893353004,0.001099548,,,,,,,
1257,39,39,39,20,20,0.882155,0.00106941,0.894109633,0.000962469,,,,,,,
1258,39,39,39,20,20,0.882922,0.000930365,0.894795691,0.000837328,,,,,,,
1259,39,39,39,20,20,0.883612,0.000804824,0.895412942,0.000724342,,,,,,,
1260,39,39,39,20,20,0.884238,0.000692482,0.895972994,0.000623234,,,,,,,
1261,39,39,39,20,20,0.884814,0.000592532,0.896488358,0.000533279,,,,,,,
1262,39,39,39,20,20,0.885362,0.000503801,0.89697871,0.000453421,,,,,,,
1263,39,39,39,20,20,0.885899,0.000424973,0.897459256,0.000382476,,,,,,,
1264,39,39,39,20,20,0.886441,0.00035484,0.897944313,0.000319356,,,,,,,
1265,39,39,39,20,20,0.886995,0.000292518,0.898440148,0.000263266,,,,,,,
1266,39,39,39,20,20,0.887561,0.000237593,0.898946762,0.000213834,,,,,,,
1267,39,39,39,20,20,0.888129,0.000190161,0.899455206,0.000171145,,,,,,,
1268,39,39,39,20,20,0.888684,0.000150757,0.899952051,0.000135681,,,,,,,
1269,39,39,39,20,20,0.889205,0.000120188,0.900418493,0.000108169,,,,,,,
1270,39,39,39,20,20,0.889672,9.93198E-05,0.900836617,8.93878E-05,,,,,,,
1271,39,39,39,20,20,0.890069,8.88481E-05,0.901192088,7.99633E-05,,,,,,,
1272,39,39,39,20,20,0.890386,8.91281E-05,0.901475941,8.02153E-05,,,,,,,
1273,39,39,39,20,20,0.890624,0.000100085,0.901689063,9.00765E-05,,,,,,,
1274,39,39,39,20,20,0.89079,0.000121234,0.901837714,0.000109111,,,,,,,
1275,39,39,39,20,20,0.890901,0.000151814,0.901937115,0.000136633,,,,,,,
1276,39,39,39,20,20,0.890978,0.00019099,0.90200607,0.000171891,,,,,,,
1277,39,39,39,20,20,0.891045,0.000238105,0.902066071,0.000214294,,,,,,,
1278,39,39,39,20,20,0.891118,0.000292901,0.902131445,0.000263611,,,,,,,
1279,39,39,39,20,20,0.891212,0.000355682,0.902215626,0.000320114,,,,,,,
1280,39,39,39,20,20,0.891326,0.000427354,0.902317719,0.000384619,,,,,,,
1281,39,39,39,20,20,0.891455,0.000509349,0.902433248,0.000458414,,,,,,,
1282,39,39,39,20,20,0.891579,0.000603425,0.902544301,0.000543082,,,,,,,
1283,39,39,39,20,20,0.891675,0.000711387,0.902630278,0.000640248,,,,,,,
1284,39,39,39,20,20,0.891716,0.000834778,0.902666998,0.0007513,,,,,,,
1285,39,39,39,20,20,0.891677,0.000974617,0.902632069,0.000877155,,,,,,,
1286,39,39,39,20,20,0.891538,0.00113123,0.902507582,0.001018107,,,,,,,
1287,39,39,39,20,20,0.891291,0.00130422,0.902286375,0.001173798,,,,,,,
1288,39,39,39,20,20,0.890938,0.00149263,0.90197025,0.001343367,,,,,,,
1289,39,39,39,20,20,0.890492,0.00169524,0.90157086,0.001525716,,,,,,,
1290,39,39,39,20,20,0.889973,0.00191093,0.901106129,0.001719837,,,,,,,
1291,39,39,39,20,20,0.889408,0.00213919,0.900600244,0.001925271,,,,,,,
1292,39,39,39,20,20,0.88882,0.00238044,0.900073806,0.002142396,,,,,,,
1293,39,39,39,20,20,0.88823,0.00263637,0.89954562,0.002372733,,,,,,,
1294,39,39,39,20,20,0.887647,0.00290997,0.899023742,0.002618973,,,,,,,
1295,39,39,39,20,20,0.887066,0.00320538,0.898503696,0.002884842,,,,,,,
1296,39,39,39,20,20,0.88647,0.00352756,0.897970267,0.003174804,,,,,,,
1297,39,39,39,20,20,0.88583,0.00388172,0.897397508,0.003493548,,,,,,,
1298,39,39,39,20,20,0.88511,0.00427276,0.896753215,0.003845484,,,,,,,
1299,39,39,39,20,20,0.88427,0.00470466,0.896001624,0.004234194,,,,,,,
1300,39,39,39,20,20,0.883271,0.00518006,0.895107887,0.004662054,,,,,,,
1301,39,39,39,20,20,0.882085,0.0057001,0.894047024,0.00513009,,,,,,,
1302,39,39,39,20,20,0.880696,0.00626449,0.892804821,0.005638041,,,,,,,
1303,39,39,39,20,20,0.879101,0.00687207,0.891378715,0.006184863,,,,,,,
1304,39,39,39,20,20,0.87731,0.00752147,0.889777788,0.006769323,,,,,,,
1305,39,39,39,20,20,0.875346,0.00821208,0.888022751,0.007390872,,,,,,,
1306,39,39,39,20,20,0.873233,0.00894505,0.886135204,0.008050545,,,,,,,
1307,39,39,39,20,20,0.870996,0.00972419,0.884137629,0.008751771,,,,,,,
1308,39,39,39,20,20,0.868651,0.0105566,0.882044455,0.00950094,,,,,,,
1309,39,39,39,20,20,0.866196,0.0114527,0.879854047,0.01030743,,,,,,,
1310,39,39,39,20,20,0.863615,0.0124264,0.877552304,0.01118376,,,,,,,
1311,39,39,39,20,20,0.860867,0.0134939,0.875102894,0.01214451,,,,,,,
1312,39,39,39,20,20,0.857894,0.0146731,0.872454451,0.013205789,,,,,,,
1313,39,39,39,20,20,0.854624,0.0159818,0.869543321,0.014383619,,,,,,,
1314,39,39,39,20,20,0.850977,0.0174366,0.866298992,0.015692938,,,,,,,
1315,39,39,39,20,20,0.846874,0.0190519,0.862652202,0.017146707,,,,,,,
1316,39,39,39,20,20,0.842244,0.0208389,0.858541253,0.018755006,,,,,,,
1317,39,39,39,20,20,0.83703,0.0228063,0.853917434,0.020525664,,,,,,,
1318,39,39,39,20,20,0.831191,0.0249603,0.848746868,0.02246426,,,,,,,
1319,39,39,39,20,20,0.824708,0.0273067,0.843015861,0.024576015,,,,,,,
1320,39,39,39,20,20,0.81757,0.029853,0.836718545,0.026867676,,,,,,,
1321,39,39,39,20,20,0.809775,0.0326106,0.829857815,0.029349503,,,,,,,
1322,39,39,39,20,20,0.801316,0.0355979,0.822433092,0.032038053,,,,,,,
1323,39,39,39,20,20,0.792172,0.0388421,0.814432668,0.034957802,,,,,,,
1324,39,39,39,20,20,0.782295,0.0423804,0.805822793,0.038142223,,,,,,,
1325,39,39,39,20,20,0.771608,0.0462605,0.796546721,0.041634238,,,,,,,
1326,39,39,39,20,20,0.759998,0.0505383,0.786519775,0.04548414,,,,,,,
1327,39,39,39,20,20,0.747326,0.0552755,0.775639557,0.049747434,,,,,,,
1328,39,39,39,20,20,0.733431,0.0605342,0.763791276,0.054479967,,,,,,,
1329,39,39,39,20,20,0.718154,0.0663705,0.750870341,0.059732162,,,,,,,
1330,39,39,39,20,20,0.701355,0.0728278,0.736798532,0.065542971,,,,,,,
1331,39,39,39,20,20,0.682941,0.0799284,0.721548401,0.071932298,,,,,,,
1332,39,39,39,20,20,0.662893,0.0876669,0.705164503,0.078895032,,,,,,,
1333,39,39,39,20,20,0.641287,0.0960038,0.687776255,0.086395265,,,,,,,
1334,39,39,39,20,20,0.618313,0.104861,0.669604843,0.094362221,,,,,,,
1335,39,39,39,20,20,0.594285,0.11412,0.650958471,0.102688644,,,,,,,
1336,39,39,39,20,20,0.56964,0.123624,0.632216158,0.111232726,,,,,,,
1337,39,39,39,20,20,0.544929,0.13318,0.613805984,0.119820102,,,,,,,
1338,39,39,39,20,20,0.52079,0.142569,0.596175148,0.128253199,,,,,,,
1339,39,39,39,20,20,0.497919,0.151554,0.579768366,0.136318647,,,,,,,
1340,39,39,39,20,20,0.477028,0.15989,0.565007893,0.143796502,,,,,,,
1341,39,39,39,20,20,0.458806,0.167343,0.552284121,0.150477469,,,,,,,
1342,39,39,39,20,20,0.443866,0.173695,0.541938391,0.156167398,,,,,,,
1343,39,39,39,20,20,0.432716,0.178765,0.534257511,0.160705937,,,,,,,
1344,39,39,39,20,20,0.425713,0.182414,0.529447229,0.163970628,,,,,,,
1345,39,39,39,20,20,0.423048,0.184555,0.527618966,0.165885394,,,,,,,
1346,39,39,39,20,20,0.424734,0.185155,0.528775475,0.166421891,,,,,,,
1347,39,39,39,20,20,0.430604,0.184243,0.532805805,0.165606398,,,,,,,
1348,39,39,39,20,20,0.440326,0.181899,0.539496495,0.163509963,,,,,,,
1349,39,39,39,20,20,0.453433,0.178254,0.548555371,0.160248632,,,,,,,
1350,39,39,39,20,20,0.469354,0.173479,0.559633778,0.155973979,,,,,,,
1351,39,39,39,20,20,0.487453,0.167774,0.572348594,0.15086367,,,,,,,
1352,39,39,39,20,20,0.507076,0.161355,0.586304341,0.145110126,,,,,,,
1353,39,39,39,20,20,0.527586,0.154444,0.601104915,0.138911727,,,,,,,
1354,39,39,39,20,20,0.548401,0.147253,0.616370104,0.132458466,,,,,,,
1355,39,39,39,20,20,0.569022,0.139977,0.631751118,0.125925562,,,,,,,
1356,39,39,39,20,20,0.589049,0.132786,0.646944189,0.119466118,,,,,,,
1357,39,39,39,20,20,0.608192,0.125816,0.661705694,0.113202873,,,,,,,
1358,39,39,39,20,20,0.626269,0.119168,0.675860024,0.107227168,,,,,,,
1359,39,39,39,20,20,0.643195,0.112909,0.689300268,0.10159975,,,,,,,
1360,39,39,39,20,20,0.658966,0.107073,0.701983012,0.096351627,,,,,,,
1361,39,39,39,20,20,0.673641,0.101667,0.713918968,0.091489438,,,,,,,
1362,39,39,39,20,20,0.687315,0.096674,0.725153782,0.086998156,,,,,,,
1363,39,39,39,20,20,0.700101,0.0920613,0.735754085,0.082848557,,,,,,,
1364,39,39,39,20,20,0.712111,0.0877877,0.745791467,0.079003716,,,,,,,
1365,39,39,39,20,20,0.72344,0.0838085,0.75532814,0.075423515,,,,,,,
1366,39,39,39,20,20,0.73416,0.0800814,0.764410672,0.072069966,,,,,,,
1367,39,39,39,20,20,0.744315,0.07657,0.773064603,0.068910368,,,,,,,
1368,39,39,39,20,20,0.753923,0.0732461,0.781295165,0.065919382,,,,,,,
1369,39,39,39,20,20,0.762981,0.0700909,0.789090844,0.063080118,,,,,,,
1370,39,39,39,20,20,0.771474,0.0670943,0.796430687,0.06038351,,,,,,,
1371,39,39,39,20,20,0.779384,0.0642538,0.803291888,0.057827325,,,,,,,
1372,39,39,39,20,20,0.786699,0.0615718,0.809657572,0.055413735,,,,,,,
1373,39,39,39,20,20,0.793419,0.0590534,0.815522088,0.053147342,,,,,,,
1374,39,39,39,20,20,0.799563,0.0567039,0.820897219,0.051032924,,,,,,,
1375,39,39,39,20,20,0.805169,0.0545263,0.825812264,0.049073188,,,,,,,
1376,39,39,39,20,20,0.810289,0.0525203,0.830309667,0.04726787,,,,,,,
1377,39,39,39,20,20,0.814991,0.0506805,0.834446726,0.045612116,,,,,,,
1378,39,39,39,20,20,0.81935,0.048997,0.838287612,0.044097018,,,,,,,
1379,39,39,39,20,20,0.82344,0.0474556,0.841896205,0.042709799,,,,,,,
1380,39,39,39,20,20,0.827329,0.0460389,0.845331555,0.041434803,,,,,,,
1381,39,39,39,20,20,0.831072,0.044728,0.848641576,0.040255021,,,,,,,
1382,39,39,39,20,20,0.834706,0.0435036,0.851858506,0.039153084,,,,,,,
1383,39,39,39,20,20,0.83825,0.0423483,0.854998787,0.038113334,,,,,,,
1384,39,39,39,20,20,0.841705,0.0412471,0.85806298,0.037122271,,,,,,,
1385,39,39,39,20,20,0.845056,0.0401892,0.861037462,0.036170175,,,,,,,
1386,39,39,39,20,20,0.848277,0.0391677,0.863898814,0.035250838,,,,,,,
1387,39,39,39,20,20,0.851338,0.0381799,0.866620017,0.034361829,,,,,,,
1388,39,39,39,20,20,0.854207,0.0372268,0.869172231,0.033504049,,,,,,,
1389,39,39,39,20,20,0.85686,0.0363124,0.871533711,0.032681097,,,,,,,
1390,39,39,39,20,20,0.859283,0.035442,0.873691617,0.031897744,,,,,,,
1391,39,39,39,20,20,0.861475,0.0346217,0.875644716,0.03115948,,,,,,,
1392,39,39,39,20,20,0.863449,0.0338569,0.877404304,0.030471166,,,,,,,
1393,39,39,39,20,20,0.86523,0.0331511,0.878992433,0.02983595,,,,,,,
1394,39,39,39,20,20,0.866855,0.032506,0.880441924,0.029255364,,,,,,,
1395,39,39,39,20,20,0.868364,0.0319203,0.881788336,0.028728237,,,,,,,
1396,39,39,39,20,20,0.869801,0.0313904,0.883070848,0.02825133,,,,,,,
1397,39,39,39,20,20,0.871203,0.0309102,0.884322441,0.027819152,,,,,,,
1398,39,39,39,20,20,0.872602,0.0304722,0.885571662,0.027424954,,,,,,,
1399,39,39,39,20,20,0.874017,0.0300682,0.886835475,0.027061355,,,,,,,
1400,39,39,39,20,20,0.875456,0.0296897,0.888121033,0.026720707,,,,,,,
1401,39,39,39,20,20,0.876912,0.0293293,0.889422088,0.026396348,,,,,,,
1402,39,39,39,20,20,0.878369,0.0289812,0.890724345,0.02608306,,,,,,,
1403,39,39,39,20,20,0.879802,0.0286414,0.892005443,0.025777241,,,,,,,
1404,39,39,39,20,20,0.88118,0.0283084,0.89323764,0.025477542,,,,,,,
1405,39,39,39,20,20,0.882476,0.0279827,0.894396748,0.025184413,,,,,,,
1406,39,39,39,20,20,0.883662,0.0276668,0.895457672,0.024900104,,,,,,,
1407,39,39,39,20,20,0.884722,0.0273644,0.89640604,0.024627945,,,,,,,
1408,39,39,39,20,20,0.885645,0.0270803,0.897231954,0.024372255,,,,,,,
1409,39,39,39,20,20,0.886435,0.0268193,0.897938943,0.024137356,,,,,,,
1410,39,39,39,20,20,0.887105,0.0265855,0.898538603,0.023926937,,,,,,,
1411,39,39,39,20,20,0.887677,0.0263822,0.899050596,0.023743967,,,,,,,
1412,39,39,39,20,20,0.888178,0.026211,0.89949907,0.023589888,,,,,,,
1413,39,39,39,20,20,0.888639,0.026072,0.899911765,0.023464788,,,,,,,
1414,39,39,39,20,20,0.889091,0.0259636,0.900316428,0.023367228,,,,,,,
1415,39,39,39,20,20,0.889559,0.0258828,0.900735442,0.023294508,,,,,,,
1416,39,39,39,20,20,0.890061,0.0258253,0.901184925,0.023242759,,,,,,,
1417,39,39,39,20,20,0.890606,0.0257864,0.901672944,0.023207749,,,,,,,
1418,39,39,39,20,20,0.891193,0.0257614,0.902198611,0.023185249,,,,,,,
1419,39,39,39,20,20,0.89181,0.0257457,0.902751186,0.023171119,,,,,,,
1420,39,39,39,20,20,0.892439,0.025736,0.903314553,0.023162389,,,,,,,
1421,39,39,39,20,20,0.893056,0.0257299,0.903867217,0.023156899,,,,,,,
1422,39,39,39,20,20,0.893634,0.0257266,0.904384986,0.023153929,,,,,,,
1423,39,39,39,20,20,0.894149,0.0257267,0.904846351,0.023154019,,,,,,,
1424,39,39,39,20,20,0.894577,0.0257322,0.905229799,0.023158969,,,,,,,
1425,39,39,39,20,20,0.894906,0.025746,0.905524566,0.023171389,,,,,,,
1426,39,39,39,20,20,0.895128,0.0257719,0.905723474,0.023194699,,,,,,,
1427,39,39,39,20,20,0.895247,0.0258139,0.905830098,0.023232499,,,,,,,
1428,39,39,39,20,20,0.895274,0.0258758,0.90585429,0.023288208,,,,,,,
1429,39,39,39,20,20,0.895227,0.0259608,0.905812177,0.023364708,,,,,,,
1430,39,39,39,20,20,0.895128,0.0260712,0.905723474,0.023464068,,,,,,,
1431,39,39,39,20,20,0.895004,0.0262083,0.905612372,0.023587458,,,,,,,
1432,39,39,39,20,20,0.894877,0.0263723,0.905498583,0.023735057,,,,,,,
1433,39,39,39,20,20,0.894767,0.0265619,0.905400028,0.023905697,,,,,,,
1434,39,39,39,20,20,0.894688,0.0267751,0.905329248,0.024097576,,,,,,,
1435,39,39,39,20,20,0.894646,0.0270093,0.905291619,0.024308356,,,,,,,
1436,39,39,39,20,20,0.894638,0.0272613,0.905284451,0.024535155,,,,,,,
1437,39,39,39,20,20,0.894653,0.0275279,0.90529789,0.024775094,,,,,,,
1438,39,39,39,20,20,0.894673,0.0278064,0.905315809,0.025025743,,,,,,,
1439,39,39,39,20,20,0.894676,0.0280949,0.905318497,0.025285392,,,,,,,
1440,39,39,39,20,20,0.894639,0.028392,0.905285347,0.025552782,,,,,,,
1441,39,39,39,20,20,0.894537,0.0286979,0.905193962,0.025828091,,,,,,,
1442,39,39,39,20,20,0.894351,0.0290136,0.905027322,0.026112219,,,,,,,
1443,39,39,39,20,20,0.894064,0.0293412,0.904770201,0.026407058,,,,,,,
1444,39,39,39,20,20,0.893671,0.0296838,0.904418131,0.026715397,,,,,,,
1445,39,39,39,20,20,0.89317,0.0300451,0.903969334,0.027040566,,,,,,,
1446,39,39,39,20,20,0.892569,0.0304291,0.903430994,0.027386164,,,,,,,
1447,39,39,39,20,20,0.891881,0.0308401,0.902814775,0.027756062,,,,,,,
1448,39,39,39,20,20,0.891125,0.0312818,0.902137714,0.02815359,,,,,,,
1449,39,39,39,20,20,0.89032,0.0317576,0.901416842,0.028581808,,,,,,,
1450,39,39,39,20,20,0.889486,0.0322701,0.900670081,0.029043055,,,,,,,
1451,39,39,39,20,20,0.888639,0.032821,0.899911765,0.029538862,,,,,,,
1452,39,39,39,20,20,0.887791,0.033411,0.899152641,0.030069858,,,,,,,
1453,39,39,39,20,20,0.886946,0.0340402,0.898396291,0.030636134,,,,,,,
1454,39,39,39,20,20,0.886102,0.0347076,0.897640924,0.03123679,,,,,,,
1455,39,39,39,20,20,0.885247,0.035412,0.896875804,0.031870744,,,,,,,
1456,39,39,39,20,20,0.884366,0.0361516,0.896087515,0.032536378,,,,,,,
1457,39,39,39,20,20,0.883436,0.036925,0.895255492,0.033232431,,,,,,,
1458,39,39,39,20,20,0.882432,0.0377309,0.894357392,0.033957734,,,,,,,
1459,39,39,39,20,20,0.88133,0.0385687,0.893371784,0.034711745,,,,,,,
1460,39,39,39,20,20,0.880105,0.0394388,0.892276361,0.035494825,,,,,,,
1461,39,39,39,20,20,0.878739,0.0403426,0.891055096,0.036308233,,,,,,,
1462,39,39,39,20,20,0.877218,0.0412826,0.889695564,0.03715422,,,,,,,
1463,39,39,39,20,20,0.875534,0.0422628,0.888190724,0.038036385,,,,,,,
1464,39,39,39,20,20,0.873687,0.0432882,0.886540707,0.038959228,,,,,,,
1465,39,39,39,20,20,0.871682,0.0443649,0.884750124,0.039928238,,,,,,,
1466,39,39,39,20,20,0.869529,0.0454998,0.882828065,0.040949625,,,,,,,
1467,39,39,39,20,20,0.867238,0.0467004,0.880783622,0.042030138,,,,,,,
1468,39,39,39,20,20,0.864824,0.0479745,0.878630353,0.043176796,,,,,,,
1469,39,39,39,20,20,0.862295,0.0493299,0.876375566,0.044396618,,,,,,,
1470,39,39,39,20,20,0.859656,0.0507738,0.874023903,0.045696083,,,,,,,
1471,39,39,39,20,20,0.856906,0.0523131,0.871574668,0.047081398,,,,,,,
1472,39,39,39,20,20,0.854036,0.0539536,0.869020067,0.048557783,,,,,,,
1473,39,39,39,20,20,0.85103,0.0557003,0.866346122,0.050129734,,,,,,,
1474,39,39,39,20,20,0.847865,0.0575572,0.863532696,0.051800848,,,,,,,
1475,39,39,39,20,20,0.844509,0.0595271,0.860551757,0.053573643,,,,,,,
1476,39,39,39,20,20,0.840928,0.0616125,0.857373636,0.055450362,,,,,,,
1477,39,39,39,20,20,0.837085,0.0638152,0.853966177,0.057432622,,,,,,,
1478,39,39,39,20,20,0.832944,0.066137,0.85029833,0.059522035,,,,,,,
1479,39,39,39,20,20,0.828469,0.0685799,0.846339311,0.061720393,,,,,,,
1480,39,39,39,20,20,0.82363,0.0711473,0.84206395,0.064030747,,,,,,,
1481,39,39,39,20,20,0.818401,0.0738434,0.837450961,0.066456864,,,,,,,
1482,39,39,39,20,20,0.812764,0.0766745,0.8324865,0.0690044,,,,,,,
1483,39,39,39,20,20,0.806704,0.0796491,0.827159774,0.071680984,,,,,,,
1484,39,39,39,20,20,0.800212,0.082778,0.821465719,0.074496313,,,,,,,
1485,39,39,39,20,20,0.79328,0.0860744,0.815400627,0.077462235,,,,,,,
1486,39,39,39,20,20,0.785903,0.0895535,0.808963944,0.08059239,,,,,,,
1487,39,39,39,20,20,0.778072,0.0932326,0.802152218,0.083902296,,,,,,,
1488,39,39,39,20,20,0.769776,0.0971296,0.794960953,0.087407995,,,,,,,
1489,39,39,39,20,20,0.760998,0.101263,0.787381274,0.091126052,,,,,,,
1490,39,39,39,20,20,0.751715,0.105649,0.779400138,0.095070938,,,,,,,
1491,39,39,39,20,20,0.741898,0.110303,0.771000578,0.099256372,,,,,,,
1492,39,39,39,20,20,0.731515,0.115235,0.762164548,0.10369118,,,,,,,
1493,39,39,39,20,20,0.720533,0.12045,0.752874873,0.108379647,,,,,,,
1494,39,39,39,20,20,0.70892,0.125944,0.743117167,0.113317913,,,,,,,
1495,39,39,39,20,20,0.696653,0.131705,0.732886658,0.118494871,,,,,,,
1496,39,39,39,20,20,0.683724,0.137712,0.722193012,0.123891271,,,,,,,
1497,39,39,39,20,20,0.670143,0.143931,0.7110623,0.129476131,,,,,,,
1498,39,39,39,20,20,0.655944,0.150316,0.699541035,0.135207659,,,,,,,
1499,39,39,39,20,20,0.641194,0.15681,0.68770203,0.141034187,,,,,,,
1500,39,39,39,20,20,0.625991,0.163344,0.675640778,0.146893317,,,,,,,
1501,39,39,39,20,20,0.610469,0.169836,0.663477128,0.152711098,,,,,,,
1502,39,39,39,20,20,0.594798,0.176198,0.651352715,0.158408374,,,,,,,
1503,39,39,39,20,20,0.579181,0.182333,0.639426238,0.163898176,,,,,,,
1504,39,39,39,20,20,0.563851,0.188137,0.627869363,0.169087594,,,,,,,
1505,39,39,39,20,20,0.549063,0.193508,0.616859826,0.173885872,,,,,,,
1506,39,39,39,20,20,0.535084,0.198341,0.606574445,0.178199954,,,,,,,
1507,39,39,39,20,20,0.522188,0.20254,0.59718713,0.181945157,,,,,,,
1508,39,39,39,20,20,0.510642,0.206012,0.588861322,0.185039724,,,,,,,
1509,39,39,39,20,20,0.500696,0.208679,0.581746021,0.187415375,,,,,,,
1510,39,39,39,20,20,0.492569,0.210474,0.575969008,0.18901356,,,,,,,
1511,39,39,39,20,20,0.486447,0.21135,0.571638113,0.189793293,,,,,,,
1512,39,39,39,20,20,0.482466,0.211276,0.568831047,0.18972743,,,,,,,
1513,39,39,39,20,20,0.480712,0.21024,0.567596509,0.188805251,,,,,,,
1514,39,39,39,20,20,0.481216,0.208253,0.567951107,0.187035998,,,,,,,
1515,39,39,39,20,20,0.483951,0.205344,0.569877313,0.184444501,,,,,,,
1516,39,39,39,20,20,0.488836,0.201563,0.57332609,0.181073999,,,,,,,
1517,39,39,39,20,20,0.495736,0.196976,0.578216406,0.176981871,,,,,,,
1518,39,39,39,20,20,0.504477,0.191665,0.584444918,0.172239849,,,,,,,
1519,39,39,39,20,20,0.514843,0.185724,0.591882279,0.166930627,,,,,,,
1520,39,39,39,20,20,0.526595,0.179258,0.600384429,0.161147106,,,,,,,
1521,39,39,39,20,20,0.539477,0.172375,0.609794185,0.154985315,,,,,,,
1522,39,39,39,20,20,0.553226,0.165188,0.61994556,0.148546204,,,,,,,
1523,39,39,39,20,20,0.567586,0.157807,0.630671466,0.141928434,,,,,,,
1524,39,39,39,20,20,0.582312,0.150337,0.641804881,0.135226506,,,,,,,
1525,39,39,39,20,20,0.597183,0.142877,0.653187815,0.12852976,,,,,,,
1526,39,39,39,20,20,0.612001,0.135515,0.664670839,0.121917798,,,,,,,
1527,39,39,39,20,20,0.626604,0.128328,0.676124288,0.115460398,,,,,,,
1528,39,39,39,20,20,0.64086,0.121379,0.687435499,0.109214754,,,,,,,
1529,39,39,39,20,20,0.654672,0.114718,0.698514827,0.103226332,,,,,,,
1530,39,39,39,20,20,0.667972,0.108379,0.70929295,0.097526147,,,,,,,
1531,39,39,39,20,20,0.680724,0.102386,0.719725129,0.092136149,,,,,,,
1532,39,39,39,20,20,0.692912,0.0967478,0.72978291,0.087064544,,,,,,,
1533,39,39,39,20,20,0.704542,0.0914641,0.739456757,0.082311289,,,,,,,
1534,39,39,39,20,20,0.71563,0.0865247,0.748746761,0.07786738,,,,,,,
1535,39,39,39,20,20,0.726204,0.0819127,0.757664604,0.073717742,,,,,,,
1536,39,39,39,20,20,0.736294,0.0776058,0.766225267,0.069842405,,,,,,,
1537,39,39,39,20,20,0.745929,0.0735789,0.774444364,0.066218853,,,,,,,
1538,39,39,39,20,20,0.755135,0.0698055,0.78233626,0.062823293,,,,,,,
1539,39,39,39,20,20,0.763935,0.0662594,0.789913872,0.059632183,,,,,,,
1540,39,39,39,20,20,0.772342,0.0629163,0.797182433,0.056623684,,,,,,,
1541,39,39,39,20,20,0.780365,0.0597546,0.80414445,0.053778378,,,,,,,
1542,39,39,39,20,20,0.78801,0.0567559,0.810800451,0.051079721,,,,,,,
1543,39,39,39,20,20,0.795275,0.0539058,0.817144514,0.048514765,,,,,,,
1544,39,39,39,20,20,0.802161,0.0511933,0.823173779,0.046073618,,,,,,,
1545,39,39,39,20,20,0.808665,0.0486111,0.828882293,0.043749719,,,,,,,
1546,39,39,39,20,20,0.81479,0.0461546,0.834269746,0.041538931,,,,,,,
1547,39,39,39,20,20,0.820542,0.0438216,0.839338844,0.039439278,,,,,,,
1548,39,39,39,20,20,0.825932,0.0416114,0.844097063,0.037450135,,,,,,,
1549,39,39,39,20,20,0.830977,0.039524,0.848557523,0.035571504,,,,,,,
1550,39,39,39,20,20,0.835698,0.0375595,0.852737205,0.033803475,,,,,,,
1551,39,39,39,20,20,0.840124,0.0357173,0.856660479,0.032145512,,,,,,,
1552,39,39,39,20,20,0.844287,0.0339959,0.860354652,0.030596265,,,,,,,
1553,39,39,39,20,20,0.848219,0.032392,0.863847271,0.029152764,,,,,,,
1554,39,39,39,20,20,0.851956,0.0309011,0.867169642,0.027810962,,,,,,,
1555,39,39,39,20,20,0.855529,0.0295169,0.870348798,0.026565188,,,,,,,
1556,39,39,39,20,20,0.858969,0.0282314,0.87341191,0.025408242,,,,,,,
1557,39,39,39,20,20,0.862299,0.0270357,0.876379132,0.024332116,,,,,,,
1558,39,39,39,20,20,0.865539,0.0259201,0.879268025,0.023328078,,,,,,,
1559,39,39,39,20,20,0.868698,0.0248744,0.882086399,0.02238695,,,,,,,
1560,39,39,39,20,20,0.871783,0.0238886,0.884840308,0.021499732,,,,,,,
1561,39,39,39,20,20,0.874793,0.0229532,0.887528691,0.020657874,,,,,,,
1562,39,39,39,20,20,0.877719,0.0220599,0.890143342,0.019853905,,,,,,,
1563,39,39,39,20,20,0.880551,0.0212013,0.89267516,0.019081166,,,,,,,
1564,39,39,39,20,20,0.883276,0.0203718,0.89511236,0.018334616,,,,,,,
1565,39,39,39,20,20,0.88588,0.0195674,0.897442253,0.017610657,,,,,,,
1566,39,39,39,20,20,0.888349,0.0187856,0.899652149,0.016907038,,,,,,,
1567,39,39,39,20,20,0.890675,0.0180255,0.901734732,0.016222948,,,,,,,
1568,39,39,39,20,20,0.892851,0.0172875,0.903683588,0.015558748,,,,,,,
1569,39,39,39,20,20,0.894877,0.0165728,0.905498583,0.014915519,,,,,,,
1570,39,39,39,20,20,0.896756,0.0158838,0.90718229,0.014295419,,,,,,,
1571,39,39,39,20,20,0.8985,0.0152228,0.908745364,0.013700519,,,,,,,
1572,39,39,39,20,20,0.900123,0.0145923,0.91020027,0.013133069,,,,,,,
1573,39,39,39,20,20,0.901644,0.0139944,0.91156398,0.012594959,,,,,,,
1574,39,39,39,20,20,0.903085,0.0134308,0.91285617,0.01208772,,,,,,,
1575,39,39,39,20,20,0.904469,0.0129022,0.914097431,0.01161198,,,,,,,
1576,39,39,39,20,20,0.905817,0.0124085,0.915306574,0.01116765,,,,,,,
1577,39,39,39,20,20,0.907152,0.0119487,0.916504217,0.01075383,,,,,,,
1578,39,39,39,20,20,0.908489,0.0115209,0.917703811,0.01036881,,,,,,,
1579,39,39,39,20,20,0.90984,0.0111222,0.91891612,0.01000998,,,,,,,
1580,39,39,39,20,20,0.911213,0.0107494,0.920148326,0.00967446,,,,,,,
1581,39,39,39,20,20,0.912609,0.0103985,0.921401329,0.00935865,,,,,,,
1582,39,39,39,20,20,0.914022,0.0100656,0.922669747,0.00905904,,,,,,,
1583,39,39,39,20,20,0.915444,0.00974683,0.923946396,0.008772147,,,,,,,
1584,39,39,39,20,20,0.916861,0.0094384,0.925218705,0.00849456,,,,,,,
1585,39,39,39,20,20,0.918256,0.00913719,0.9264714,0.008223471,,,,,,,
1586,39,39,39,20,20,0.919612,0.00884066,0.927689203,0.007956594,,,,,,,
1587,39,39,39,20,20,0.920911,0.00854704,0.928855931,0.007692336,,,,,,,
1588,39,39,39,20,20,0.922137,0.00825534,0.929957194,0.007429806,,,,,,,
1589,39,39,39,20,20,0.923277,0.00796538,0.930981291,0.007168842,,,,,,,
1590,39,39,39,20,20,0.924324,0.00767767,0.931921915,0.006909903,,,,,,,
1591,39,39,39,20,20,0.925273,0.00739336,0.932774552,0.006654024,,,,,,,
1592,39,39,39,20,20,0.926127,0.00711405,0.933541881,0.006402645,,,,,,,
1593,39,39,39,20,20,0.926892,0.00684162,0.934229278,0.006157458,,,,,,,
1594,39,39,39,20,20,0.927581,0.00657809,0.934848413,0.005920281,,,,,,,
1595,39,39,39,20,20,0.92821,0.00632534,0.935413655,0.005692806,,,,,,,
1596,39,39,39,20,20,0.928797,0.00608507,0.935941173,0.005476563,,,,,,,
1597,39,39,39,20,20,0.929363,0.00585854,0.936449837,0.005272686,,,,,,,
1598,39,39,39,20,20,0.929927,0.00564655,0.936956721,0.005081895,,,,,,,
1599,39,39,39,20,20,0.930508,0.00544936,0.9374789,0.004904424,,,,,,,
1600,39,39,39,20,20,0.931123,0.00526664,0.938031656,0.004739976,,,,,,,
1601,39,39,39,20,20,0.931781,0.00509754,0.938623081,0.004587786,,,,,,,
1602,39,39,39,20,20,0.932491,0.00494071,0.939261268,0.004446639,,,,,,,
1603,39,39,39,20,20,0.933253,0.00479443,0.939946224,0.004314987,,,,,,,
1604,39,39,39,20,20,0.934064,0.00465674,0.940675255,0.004191066,,,,,,,
1605,39,39,39,20,20,0.934915,0.00452553,0.941440276,0.004072977,,,,,,,
1606,39,39,39,20,20,0.935792,0.00439871,0.942228705,0.003958839,,,,,,,
1607,39,39,39,20,20,0.936679,0.00427435,0.943026159,0.003846915,,,,,,,
1608,39,39,39,20,20,0.937558,0.00415078,0.943816453,0.003735702,,,,,,,
1609,39,39,39,20,20,0.938409,0.00402668,0.944581604,0.003624012,,,,,,,
1610,39,39,39,20,20,0.939214,0.00390117,0.945305423,0.003511053,,,,,,,
1611,39,39,39,20,20,0.939959,0.00377382,0.945975315,0.003396438,,,,,,,
1612,39,39,39,20,20,0.940629,0.00364466,0.946577787,0.003280194,,,,,,,
1613,39,39,39,20,20,0.941218,0.00351414,0.947107437,0.003162726,,,,,,,
1614,39,39,39,20,20,0.941722,0.00338309,0.947560663,0.003044781,,,,,,,
1615,39,39,39,20,20,0.942145,0.00325259,0.947941056,0.002927331,,,,,,,
1616,39,39,39,20,20,0.942493,0.00312394,0.948254008,0.002811546,,,,,,,
1617,39,39,39,20,20,0.942779,0.00299849,0.948511207,0.002698641,,,,,,,
1618,39,39,39,20,20,0.943019,0.00287756,0.948727041,0.002589804,,,,,,,
1619,39,39,39,20,20,0.943231,0.00276234,0.948917696,0.002486106,,,,,,,
1620,39,39,39,20,20,0.943436,0.0026538,0.949102058,0.00238842,,,,,,,
1621,39,39,39,20,20,0.943654,0.00255263,0.949298112,0.002297367,,,,,,,
1622,39,39,39,20,20,0.943902,0.00245918,0.949521148,0.002213262,,,,,,,
1623,39,39,39,20,20,0.944196,0.00237344,0.949785556,0.002136096,,,,,,,
1624,39,39,39,20,20,0.944548,0.00229508,0.950102131,0.002065572,,,,,,,
1625,39,39,39,20,20,0.944965,0.00222344,0.950477169,0.002001096,,,,,,,
1626,39,39,39,20,20,0.945448,0.00215761,0.950911573,0.001941849,,,,,,,
1627,39,39,39,20,20,0.945994,0.00209647,0.951402647,0.001886823,,,,,,,
1628,39,39,39,20,20,0.946594,0.0020388,0.951942301,0.00183492,,,,,,,
1629,39,39,39,20,20,0.947236,0.00198334,0.952519742,0.001785006,,,,,,,
1630,39,39,39,20,20,0.947901,0.00192888,0.953117884,0.001735992,,,,,,,
1631,39,39,39,20,20,0.948572,0.00187434,0.953721435,0.001686906,,,,,,,
1632,39,39,39,20,20,0.949229,0.00181883,0.954312407,0.001636947,,,,,,,
1633,39,39,39,20,20,0.949852,0.00176171,0.954872807,0.001585539,,,,,,,
1634,39,39,39,20,20,0.950423,0.00170258,0.955386442,0.001532322,,,,,,,
1635,39,39,39,20,20,0.950927,0.00164135,0.955839815,0.001477215,,,,,,,
1636,39,39,39,20,20,0.951355,0.0015782,0.956224827,0.00142038,,,,,,,
1637,39,39,39,20,20,0.9517,0.00151354,0.95653518,0.001362186,,,,,,,
1638,39,39,39,20,20,0.951962,0.001448,0.956770869,0.0013032,,,,,,,
1639,39,39,39,20,20,0.952145,0.00138234,0.956935494,0.001244106,,,,,,,
1640,39,39,39,20,20,0.952259,0.00131743,0.957038047,0.001185687,,,,,,,
1641,39,39,39,20,20,0.95232,0.00125416,0.957092922,0.001128744,,,,,,,
1642,39,39,39,20,20,0.952343,0.00119337,0.957113612,0.001074033,,,,,,,
1643,39,39,39,20,20,0.95235,0.00113579,0.95711991,0.001022211,,,,,,,
1644,39,39,39,20,20,0.95236,0.00108203,0.957128906,0.000973827,,,,,,,
1645,39,39,39,20,20,0.952395,0.0010325,0.957160391,0.00092925,,,,,,,
1646,39,39,39,20,20,0.952472,0.000987383,0.95722966,0.000888645,,,,,,,
1647,39,39,39,20,20,0.952608,0.000946679,0.957352005,0.000852011,,,,,,,
1648,39,39,39,20,20,0.952813,0.000910162,0.957536424,0.000819146,,,,,,,
1649,39,39,39,20,20,0.953093,0.000877421,0.957788314,0.000789679,,,,,,,
1650,39,39,39,20,20,0.953451,0.000847893,0.958110377,0.000763104,,,,,,,
1651,39,39,39,20,20,0.953881,0.0008209,0.958497215,0.00073881,,,,,,,
1652,39,39,39,20,20,0.954373,0.000795702,0.958939836,0.000716132,,,,,,,
1653,39,39,39,20,20,0.954915,0.000771542,0.959427445,0.000694388,,,,,,,
1654,39,39,39,20,20,0.955487,0.0007477,0.959942051,0.00067293,,,,,,,
1655,39,39,39,20,20,0.95607,0.000723532,0.960466561,0.000651179,,,,,,,
1656,39,39,39,20,20,0.956643,0.000698514,0.960982081,0.000628663,,,,,,,
1657,39,39,39,20,20,0.957185,0.000672264,0.961469716,0.000605038,,,,,,,
1658,39,39,39,20,20,0.957675,0.000644562,0.961910573,0.000580106,,,,,,,
1659,39,39,39,20,20,0.958098,0.000615356,0.962291154,0.00055382,,,,,,,
1660,39,39,39,20,20,0.958442,0.000584754,0.962600659,0.000526279,,,,,,,
1661,39,39,39,20,20,0.958698,0.000553011,0.96283099,0.00049771,,,,,,,
1662,39,39,39,20,20,0.958865,0.000520502,0.962981245,0.000468452,,,,,,,
1663,39,39,39,20,20,0.958945,0.00048769,0.963053224,0.000438921,,,,,,,
1664,39,39,39,20,20,0.958948,0.000455091,0.963055924,0.000409582,,,,,,,
1665,39,39,39,20,20,0.958887,0.000423235,0.96300104,0.000380911,,,,,,,
1666,39,39,39,20,20,0.95878,0.00039263,0.962904768,0.000353367,,,,,,,
1667,39,39,39,20,20,0.958647,0.000363728,0.962785103,0.000327355,,,,,,,
1668,39,39,39,20,20,0.95851,0.000336897,0.96266184,0.000303207,,,,,,,
1669,39,39,39,20,20,0.958391,0.000312398,0.962554773,0.000281158,,,,,,,
1670,39,39,39,20,20,0.958313,0.000290376,0.962484594,0.000261338,,,,,,,
1671,39,39,39,20,20,0.958293,0.000270853,0.9624666,0.000243768,,,,,,,
1672,39,39,39,20,20,0.958345,0.000253733,0.962513385,0.00022836,,,,,,,
1673,39,39,39,20,20,0.958482,0.000238814,0.962636648,0.000214933,,,,,,,
1674,39,39,39,20,20,0.958706,0.000225806,0.962838188,0.000203225,,,,,,,
1675,39,39,39,20,20,0.959018,0.000214358,0.963118905,0.000192922,,,,,,,
1676,39,39,39,20,20,0.959411,0.000204078,0.963472504,0.00018367,,,,,,,
1677,39,39,39,20,20,0.959872,0.000194566,0.963887289,0.000175109,,,,,,,
1678,39,39,39,20,20,0.960386,0.000185442,0.964349765,0.000166898,,,,,,,
1679,39,39,39,20,20,0.960932,0.000176364,0.964841039,0.000158728,,,,,,,
1680,39,39,39,20,20,0.961487,0.000167054,0.965340415,0.000150349,,,,,,,
1681,39,39,39,20,20,0.962029,0.000157308,0.9658281,0.000141577,,,,,,,
1682,39,39,39,20,20,0.962533,0.000147008,0.966281597,0.000132307,,,,,,,
1683,39,39,39,20,20,0.962979,0.000136121,0.966682909,0.000122509,,,,,,,
1684,39,39,39,20,20,0.963348,0.000124698,0.967014938,0.000112228,,,,,,,
1685,39,39,39,20,20,0.963627,0.000112859,0.967265987,0.000101573,,,,,,,
1686,39,39,39,20,20,0.963807,0.000100784,0.967427954,9.07056E-05,,,,,,,
1687,39,39,39,20,20,0.963885,8.86919E-05,0.96749814,7.98227E-05,,,,,,,
1688,39,39,39,20,20,0.963864,7.68236E-05,0.967479244,6.91412E-05,,,,,,,
1689,39,39,39,20,20,0.963753,6.54194E-05,0.967379364,5.88775E-05,,,,,,,
1690,39,39,39,20,20,0.963567,0.000054703,0.967211998,4.92327E-05,,,,,,,
1691,39,39,39,20,20,0.963324,4.48644E-05,0.966993343,4.0378E-05,,,,,,,
1692,39,39,39,20,20,0.963046,3.60483E-05,0.966743196,3.24435E-05,,,,,,,
1693,39,39,39,20,20,0.962759,2.83459E-05,0.966484952,2.55113E-05,,,,,,,
1694,39,39,39,20,20,0.962487,2.17926E-05,0.966240206,1.96133E-05,,,,,,,
1695,39,39,39,20,20,0.962254,1.63693E-05,0.966030553,1.47324E-05,,,,,,,
1696,39,39,39,20,20,0.962083,1.20096E-05,0.965876689,1.08086E-05,,,,,,,
1697,39,39,39,20,20,0.961992,8.60937E-06,0.965794808,7.74843E-06,,,,,,,
1698,39,39,39,20,20,0.961995,6.04046E-06,0.965797507,5.43641E-06,,,,,,,
1699,39,39,39,20,20,0.962099,4.16504E-06,0.965891085,3.74854E-06,,,,,,,
1700,39,39,39,20,20,0.962307,2.85094E-06,0.966078242,2.56585E-06,,,,,,,
1701,39,39,39,20,20,0.962614,1.98581E-06,0.966354481,1.78723E-06,,,,,,,
1702,39,39,39,20,20,0.96301,1.48919E-06,0.966710803,1.34027E-06,,,,,,,
1703,39,39,39,20,20,0.963478,1.32143E-06,0.967131914,1.18929E-06,,,,,,,
1704,39,39,39,20,20,0.963997,1.48878E-06,0.96759892,1.3399E-06,,,,,,,
1705,39,39,39,20,20,0.964543,2.04405E-06,0.968090225,1.83965E-06,,,,,,,
1706,39,39,39,20,20,0.96509,3.08285E-06,0.968582433,2.77457E-06,,,,,,,
1707,39,39,39,20,20,0.965609,4.73569E-06,0.969049451,4.26212E-06,,,,,,,
1708,39,39,39,20,20,0.966075,7.15651E-06,0.96946878,6.44086E-06,,,,,,,
1709,39,39,39,20,20,0.966463,1.05085E-05,0.969817923,9.45765E-06,,,,,,,
1710,39,39,39,20,20,0.966754,1.49483E-05,0.970079781,1.34535E-05,,,,,,,
1711,39,39,39,20,20,0.966931,2.06103E-05,0.970239056,1.85493E-05,,,,,,,
1712,39,39,39,20,20,0.966986,2.75917E-05,0.970288549,2.48325E-05,,,,,,,
1713,39,39,39,20,20,0.966917,3.59398E-05,0.970226458,3.23458E-05,,,,,,,
1714,39,39,39,20,20,0.966727,4.56436E-05,0.970055485,4.10792E-05,,,,,,,
1715,39,39,39,20,20,0.966427,0.000056629,0.969785528,5.09661E-05,,,,,,,
1716,39,39,39,20,20,0.966035,6.87595E-05,0.969432786,6.18836E-05,,,,,,,
1717,39,39,39,20,20,0.965572,8.18426E-05,0.969016157,7.36583E-05,,,,,,,
1718,39,39,39,20,20,0.965064,9.56409E-05,0.968559038,8.60768E-05,,,,,,,
1719,39,39,39,20,20,0.964541,0.000109888,0.968088425,9.88992E-05,,,,,,,
1720,39,39,39,20,20,0.964031,0.000124308,0.967629514,0.000111877,,,,,,,
1721,39,39,39,20,20,0.963564,0.00013864,0.967209298,0.000124776,,,,,,,
1722,39,39,39,20,20,0.963166,0.000152658,0.966851173,0.000137392,,,,,,,
1723,39,39,39,20,20,0.96286,0.000166198,0.966575832,0.000149578,,,,,,,
1724,39,39,39,20,20,0.962664,0.000179174,0.966399471,0.000161257,,,,,,,
1725,39,39,39,20,20,0.962589,0.0001916,0.966331986,0.00017244,,,,,,,
1726,39,39,39,20,20,0.962639,0.0002036,0.966376976,0.00018324,,,,,,,
1727,39,39,39,20,20,0.96281,0.000215409,0.966530842,0.000193868,,,,,,,
1728,39,39,39,20,20,0.963093,0.000227378,0.966785487,0.00020464,,,,,,,
1729,39,39,39,20,20,0.963468,0.000239959,0.967122916,0.000215963,,,,,,,
1730,39,39,39,20,20,0.963914,0.000253688,0.967524235,0.000228319,,,,,,,
1731,39,39,39,20,20,0.9644,0.000269164,0.967961549,0.000242248,,,,,,,
1732,39,39,39,20,20,0.964894,0.000287015,0.968406066,0.000258313,,,,,,,
1733,39,39,39,20,20,0.965364,0.000307867,0.968828989,0.00027708,,,,,,,
1734,39,39,39,20,20,0.965774,0.000332303,0.969197925,0.000299073,,,,,,,
1735,39,39,39,20,20,0.966092,0.000360833,0.969484077,0.00032475,,,,,,,
1736,39,39,39,20,20,0.966291,0.000393853,0.969663148,0.000354468,,,,,,,
1737,39,39,39,20,20,0.966345,0.000431616,0.96971174,0.000388454,,,,,,,
1738,39,39,39,20,20,0.966238,0.000474215,0.969615455,0.000426793,,,,,,,
1739,39,39,39,20,20,0.965961,0.00052156,0.969366197,0.000469404,,,,,,,
1740,39,39,39,20,20,0.965512,0.000573379,0.968962166,0.000516041,,,,,,,
1741,39,39,39,20,20,0.964897,0.000629224,0.968408765,0.000566302,,,,,,,
1742,39,39,39,20,20,0.964132,0.000688491,0.967720396,0.000619642,,,,,,,
1743,39,39,39,20,20,0.963239,0.000750447,0.966916859,0.000675402,,,,,,,
1744,39,39,39,20,20,0.962245,0.000814273,0.966022455,0.000732846,,,,,,,
1745,39,39,39,20,20,0.961185,0.000879111,0.965068682,0.0007912,,,,,,,
1746,39,39,39,20,20,0.960094,0.000944124,0.964087035,0.000849712,,,,,,,
1747,39,39,39,20,20,0.959011,0.00100855,0.963112607,0.000907695,,,,,,,
1748,39,39,39,20,20,0.957972,0.00107177,0.962177789,0.000964593,,,,,,,
1749,39,39,39,20,20,0.95701,0.00113335,0.961312269,0.001020015,,,,,,,
1750,39,39,39,20,20,0.956155,0.00119311,0.960543034,0.001073799,,,,,,,
1751,39,39,39,20,20,0.95543,0.00125115,0.95989077,0.001126035,,,,,,,
1752,39,39,39,20,20,0.954847,0.00130791,0.959366269,0.001177119,,,,,,,
1753,39,39,39,20,20,0.954414,0.00136414,0.958976722,0.001227726,,,,,,,
1754,39,39,39,20,20,0.954124,0.00142092,0.958715826,0.001278828,,,,,,,
1755,39,39,39,20,20,0.953965,0.00147965,0.958572784,0.001331685,,,,,,,
1756,39,39,39,20,20,0.953912,0.00154199,0.958525104,0.001387791,,,,,,,
1757,39,39,39,20,20,0.953933,0.00160982,0.958543996,0.001448838,,,,,,,
1758,39,39,39,20,20,0.953987,0.00168519,0.958592576,0.001516671,,,,,,,
1759,39,39,39,20,20,0.95403,0.00177018,0.95863126,0.001593162,,,,,,,
1760,39,39,39,20,20,0.954012,0.00186687,0.958615067,0.001680183,,,,,,,
1761,39,39,39,20,20,0.953883,0.00197722,0.958499015,0.001779498,,,,,,,
1762,39,39,39,20,20,0.953592,0.00210297,0.958237223,0.001892673,,,,,,,
1763,39,39,39,20,20,0.953094,0.00224556,0.957789214,0.002021004,,,,,,,
1764,39,39,39,20,20,0.952348,0.00240608,0.95711811,0.002165472,,,,,,,
1765,39,39,39,20,20,0.95132,0.00258516,0.956193342,0.002326644,,,,,,,
1766,39,39,39,20,20,0.949987,0.00278295,0.954994244,0.002504655,,,,,,,
1767,39,39,39,20,20,0.948334,0.00299914,0.953507357,0.002699226,,,,,,,
1768,39,39,39,20,20,0.946359,0.00323293,0.951730935,0.002909637,,,,,,,
1769,39,39,39,20,20,0.944072,0.00348309,0.949674037,0.003134781,,,,,,,
1770,39,39,39,20,20,0.941492,0.00374802,0.947353833,0.003373218,,,,,,,
1771,39,39,39,20,20,0.93865,0.00402587,0.944798297,0.003623283,,,,,,,
1772,39,39,39,20,20,0.935582,0.00431469,0.942039911,0.003883221,,,,,,,
1773,39,39,39,20,20,0.932334,0.0046125,0.939120146,0.00415125,,,,,,,
1774,39,39,39,20,20,0.928953,0.00491755,0.936081369,0.004425795,,,,,,,
1775,39,39,39,20,20,0.925488,0.00522846,0.932967728,0.004705614,,,,,,,
1776,39,39,39,20,20,0.921986,0.0055444,0.929821552,0.00498996,,,,,,,
1777,39,39,39,20,20,0.918487,0.00586527,0.926678849,0.005278743,,,,,,,
1778,39,39,39,20,20,0.915023,0.00619188,0.923568413,0.005572692,,,,,,,
1779,39,39,39,20,20,0.911617,0.00652611,0.920510927,0.005873499,,,,,,,
1780,39,39,39,20,20,0.908275,0.00687099,0.917511794,0.006183891,,,,,,,
1781,39,39,39,20,20,0.904987,0.00723081,0.914562052,0.006507729,,,,,,,
1782,39,39,39,20,20,0.901728,0.00761113,0.9116393,0.006850017,,,,,,,
1783,39,39,39,20,20,0.898454,0.00801882,0.908704132,0.007216938,,,,,,,
1784,39,39,39,20,20,0.895101,0.00846191,0.905699282,0.007615719,,,,,,,
1785,39,39,39,20,20,0.891591,0.00894955,0.902555048,0.008054595,,,,,,,
1786,39,39,39,20,20,0.887828,0.00949178,0.899185762,0.008542602,,,,,,,
1787,39,39,39,20,20,0.883705,0.0100994,0.895496141,0.00908946,,,,,,,
1788,39,39,39,20,20,0.879102,0.0107834,0.891379609,0.00970506,,,,,,,
1789,39,39,39,20,20,0.873896,0.0115551,0.886727391,0.01039959,,,,,,,
1790,39,39,39,20,20,0.86796,0.0124254,0.881427829,0.01118286,,,,,,,
1791,39,39,39,20,20,0.861171,0.0134047,0.875373797,0.01206423,,,,,,,
1792,39,39,39,20,20,0.853414,0.0145021,0.86846663,0.013051889,,,,,,,
1793,39,39,39,20,20,0.844586,0.0157256,0.860620125,0.014153039,,,,,,,
1794,39,39,39,20,20,0.834601,0.017081,0.851765512,0.015372899,,,,,,,
1795,39,39,39,20,20,0.823397,0.0185722,0.841858243,0.016714978,,,,,,,
1796,39,39,39,20,20,0.810937,0.0202006,0.830879428,0.018180537,,,,,,,
1797,39,39,39,20,20,0.797213,0.0219647,0.818839839,0.019768225,,,,,,,
1798,39,39,39,20,20,0.782252,0.0238601,0.805785385,0.021474082,,,,,,,
1799,39,39,39,20,20,0.76611,0.0258794,0.79179165,0.023291448,,,,,,,
1800,39,39,39,20,20,0.748884,0.0280118,0.776973514,0.025210603,,,,,,,
